BRAND,JRPSKU,OEMSKU,DESCRIPTION,COST,MAP
AiM,AIMV02573330,"V02573330 ","AiM MXS STRADA 1.2 23 PIN HARNESS",216.83976,237.03661
AiM,AIMV02589040,"V02589040 ","AiM SOLO 2 DL 1.2M CAN/K-LINE OBDII HARNESS",64.83187,71.20984
AiM,AIMV02PCB20B,"V02PCB20B ","AiM PATCH CABLE 2M 719 4-PIN/M TO 719 4-PIN/F",37.19408,41.44605
AiM,AIMX08CHANEXP0,"X08CHANEXP0 ","AiM CAN CONNECTION MULTIPLIER DISCONTINUED",327.18826,356.34457
AiM,AIMX08HUB010,"X08HUB010 ","AiM DATA HUB 0.4M",93.45115,101.75883
AiM,AIMX46KSTG00,"X46KSTG00 ","AiM SOLO V-BRACKET ROLL BAR MOUNT KIT",49.95000,54.20195
AiM,AIMX46KSVS00,"X46KSVS00 ","AiM SOLO SUCTION CUP MOUNT",44.63501,48.88699
AiM,AIMX47KPSOLO2T10,"X47KPSOLO2T10 ","AiM SOLO 2 MOTORCROSS TAPER BAR PAD MOUNT",97.78464,107.35157
AiM,AIMX47SOLO2001U0,"X47SOLO2001U0 ","AiM SOLO 2",568.69013,619.71376
AiM,AIMX47SOLO2DL01U0,"X47SOLO2DL01U0 ","AiM SOLO 2 DL OBDII",989.63501,1078.92637
AiM,AIMX47SOLO2DL03U0,"X47SOLO2DL03U0 ","AiM SOLO 2 DL RPM CABLE",989.63501,1078.92637
AiM,AIMX90BRIDGE01,"X90BRIDGE01 ","AiM RPM BRIDGE DISCONTINUED",265.00563,288.72301
AiM,AIMX90KSBLV0,"X90KSBLV0 ","AiM SMARTYCAM GP HD BULLET CAM SUCTION CUP BRACKET DISCONTINUED",91.77767,100.41661
AiM,AIMX90KSGPRB,"X90KSGPRB ","AiM SMARTYCAM GP HD RECORDING MODULE MOUNT KIT",90.34368,98.84762
"Air Lift Performance",ARL-01510,"01510 ","AIRLIFT MOUNTING BRACKET FOR FLO TANKS (SINGLE BRACKET NO HARDWARE INCLUDED)",24.79960,29.63621
"Air Lift Performance",ARL-12957,"12957 ","AIRLIFT 4 GAL ALUM AIR TANK - (4) 1/4"" FACE PORTS (2) 3/8"" END PORTS & 1/4"" DR",177.51460,249.55268
"Air Lift Performance",ARL-16444,"16444 ","AIRLIFT VIAIR 444C COMPRESSOR - 200 PSI",359.23500,429.25845
"Air Lift Performance",ARL-16444B,"16444B ","AIRLIFT VIAIR 444C COMPRESSOR STEALTH BLACK - 200 PSI",364.75960,435.86307
"Air Lift Performance",ARL-21987,"21987 ","AIRLIFT STRAIGHT FEMALE - 1/4"" FNPT X 3/8"" PTC - DOT - SMC # KV2F11-35",8.61922,12.11883
"Air Lift Performance",ARL-23444,"23444 ","AIRLIFT VIAIR 444C DUAL PACK COMPRESSOR - 200 PSI",552.66922,660.38883
"Air Lift Performance",ARL-23444B,"23444B ","AIRLIFT VIAIR 444C DUAL PACK COMPRESSOR STEALTH BLACK- 200 PSI",561.17422,670.55538
"Air Lift Performance",ARL-23480,"23480 ","AIRLIFT VIAIR480C DUAL PACK COMPRESSOR - 200 PSI",739.75845,883.94883
"Air Lift Performance",ARL-27680,"27680 ","AIRLIFT AIR LIFT PERFORMANCE 3P (1/4"" AIR LINE NO TANK NO COMPRESSOR)",1767.34730,2484.50883
"Air Lift Performance",ARL-27685,"27685 ","AIRLIFT AIR LIFT PERFORMANCE 3P (3/8"" AIR LINE NO TANK NO COMPRESSOR)",1833.84000,2577.99115
"Air Lift Performance",ARL-27703,"27703 ","AIRLIFT 3H/3P 2ND COMPRESSOR HARNESS",155.12538,218.07691
"Air Lift Performance",ARL-27781,"27781 ","AIRLIFT AIR LIFT PERFORMANCE 3P (1/4"" AIR LINE 2.5 GALLON LIGHTWEIGHT POLISHED",2166.24115,3045.28845
"Air Lift Performance",ARL-27782,"27782 ","AIRLIFT AIR LIFT PERFORMANCE 3P (1/4"" AIR LINE 4 GALLON 5-PORT LIGHTWEIGHT POLI",2166.24115,3045.28845
"Air Lift Performance",ARL-27784,"27784 ","AIRLIFT AIR LIFT PERFORMANCE 3P (1/4"" AIR LINE 4 GALLON 7-PORT LIGHTWEIGHT POLI",2166.24115,3045.28845
"Air Lift Performance",ARL-27787,"27787 ","AIRLIFT AIR LIFT PERFORMANCE 3P (3/8"" AIR LINE 4 GALLON 5-PORT LIGHTWEIGHT POLI",2232.72345,3138.75000
"Air Lift Performance",ARL-27788,"27788 ","AIRLIFT AIR LIFT PERFORMANCE 3P (3/8"" AIR LINE 5 GALLON LIGHTWEIGHT POLISHED AL",2232.72345,3138.75000
"Air Lift Performance",ARL-27799,"27799 ","AIRLIFT AIR LIFT PERFORMANCE 3H (3/8"" AIR LINE 4 GALLON 7-PORT LIGHTWEIGHT POLI",2753.52230,3870.86538
"Air Lift Performance",ARL-57352,"57352 ","AIRLIFT LOADLIFTER 5000 AIR SPRING KIT",556.00268,916.77460
"Air Lift Performance",ARL-75520,"75520 ","AIRLIFT 02-08 INFINITI G35 SEDAN 03-07 G35 COUPE WITH FORK LOWER MOUNT (FITS RW",1300.77691,1828.61653
"Air Lift Performance",ARL-75554,"75554 ","AIRLIFT 08-14 SUBARU STI - FRONT PERFORMANCE KIT",1408.74576,1980.41883
"Air Lift Performance",ARL-75557,"75557 ","AIRLIFT 12-16 SCION FRS - FRONT PERFORMANCEKIT",1408.74576,1980.41883
"Air Lift Performance",ARL-75578,"75578 ","AIRLIFT B6/B7 PLATFORM: 02-08 AUDI A4 (TYP 8E/8H) - FRONT PERFORMANCE KIT",1176.17278,1653.45222
"Air Lift Performance",ARL-75620,"75620 ","AIRLIFT 02-08 INFINITI G35 SEDAN 03-07 G35 COUPE 04-06 INFINITI G35X (FITS AWD",1300.77691,1828.61653
"Air Lift Performance",ARL-78503,"78503 ","AIRLIFT 80-84 CABRIOLET - FRONT PERFORMANCE KIT",1408.74576,1980.41883
"Air Lift Performance",ARL-78518,"78518 ","AIRLIFT 08-18 NISSAN GT-R (R35)- FRONT PERFORMANCE KIT",1861.53576,2616.92307
"Air Lift Performance",ARL-78556,"78556 ","AIRLIFT 14-15 HONDA CIVIC SI (9TH GEN) FITS USA/JDM MODELS DOES NOT FIT EUROPEA",1408.74576,1980.41883
"Air Lift Performance",ARL-78599,"78599 ","AIRLIFT 16-21 HONDA CIVIC 1.5T COUPE/SEDAN (10TH GEN) - FRONT PERFORMANCE KIT",1408.74576,1980.41883
"Air Lift Performance",ARL-78603,"78603 ","AIRLIFT 80-84 CABRIOLET - REAR PERFORMANCE KIT",1300.77691,1828.61653
"Air Lift Performance",ARL-78618,"78618 ","AIRLIFT 08-18 NISSAN GT-R (R35) - REAR PERFORMANCE KIT",1853.33191,2605.39615
"Air Lift Performance",ARL-78641,"78641 ","AIRLIFT 12-16 SCION FRS - REAR PERFORMANCE KIT",1300.77691,1828.61653
"Air Lift Performance",ARL-78679,"78679 ","AIRLIFT 15-20 MERCEDES-BENZ C180 C200 C220 C300 C300E C350 C400 C450 C63",1300.77691,1828.61653
"Air Lift Performance",ARL-78698,"78698 ","AIRLIFT 16-21 HONDA CIVIC AND CIVIC SI (10TH GEN) FITS COUPE HATCHBACK AND SEDA",1408.74576,1980.41883
"Air Lift Performance",ARL-89375,"89375 ","AIRLIFT LOADLIFTER 5000 ULTIMATE PLUS WITH STAINLESS STEEL AIR LINES",787.37191,1298.25345
AIRAID,AIR251-243,"251-243 ","AIRAID INTAKE; CHEVROLET CAMARO SS V8-6.2L FI 2010 DISCONTINUED",379.95858,379.95858
Airaid,AIR700-471,"AIR700-471 ","AIRAID CONE; 4 FLG 6""B X 4-5/8""T 9""H SYNTHAFLOW""",78.99000,98.99000
Airaid,AIR720-128,"AIR720-128 ","AIRAID CONE; 4-3/8 F 11-1/2"" X 7""B X 9"" X 4-1/2""T 7-3/8""H SYNTHAFLOW""",156.99000,196.99000
Airaid,AIR720-472,"AIR720-472 ","AIRAID CONE; 6 FLG 10-3/4"" X 7-3/4""B X 7-1/4"" 4-1/4""T 9""H SYNTHAFLOW""",156.99000,196.99000
Airaid,AIR720-478,"AIR720-478 ","AIRAID FILTER; REPLACEMENT",112.99000,141.99000
Airaid,AIR850-385,"AIR850-385 ","FORD F150 OEM 2018-2019 SYNTHAFLOW",78.99000,98.99000
Akata,AKAC510,"AC510 ","AKATA WHEEL SPACER 10MM 5 X 120/5 X 114.3 CB 64.1 BLACK w/LIP (Pair)",78.65077,112.66653
Akata,AKAC515,"AC515 ","AKATA WHEEL SPACER 15MM 5 X 120/5 X 114.3 CB 64.1 BLACK w/LIP (Pair)",89.28069,127.54840
Akata,AKACW13,"ACW13 ","AKATA WHEEL SPACER 13MM 5 X 120 CB 64.1 w/STUDS (Pair)",106.28856,151.99723
Akata,AKACW15,"ACW15 ","AKATA WHEEL SPACER 15MM 5 X 120 CB 64.1 w/STUDS (Pair)",110.54053,158.37517
Akata,AKACW20,"ACW20 ","AKATA WHEEL SPACER 20MM 5 X 120 CB 64.1 w/STUDS (Pair)",114.79250,164.75314
Akata,AKAL503,"AL503 ","AKATA WHEEL SPACER 3MM 5 X 110 CB 65.1 FLAT (Pair)",57.39093,82.90274
Akata,AKAL505,"AL505 ","AKATA WHEEL SPACER 5MM 5 X 110 CB 65.1 FLAT (Pair)",61.64290,88.21770
Akata,AKAL512,"AL512 ","AKATA WHEEL SPACER 12MM 5 X 110 CB 65.1 BLACK w/LIP (Pair)",82.90274,119.04448
Akata,AKAUD03,"AUD03 ","AKATA WHEEL SPACER 3MM 5 X 100/112 CB 57.1 FLAT (Pair)",53.13896,76.52480
Akata,AKAUD05,"AUD05 ","AKATA WHEEL SPACER 5MM 5 X 100/112 CB 57.1 FLAT (Pair)",57.39093,82.90274
Akata,AKAUD13,"AUD13 ","AKATA WHEEL SPACER 13MM 5 X 100/112 CB 57.1 w/LIP (Pair)",82.90274,119.04448
Akata,AKAUD15,"AUD15 ","AKATA WHEEL SPACER 15MM 5 X 100/112 CB 57.1 w/LIP (Pair)",89.28069,127.54840
Akata,AKAUD20,"AUD20 ","AKATA WHEEL SPACER 20MM 5 X 100/112 CB 57.1 w/LIP (Pair)",97.78464,140.30432
Akata,AKAUF08,"AUF08 ","AKATA WHEEL SPACER 8MM 5 X 100/112 CB 57.1 FLAT (Pair)",62.70589,90.34368
Akata,AKBM415,"BM415 ","AKATA WHEEL SPACER 15MM 5 X 120 CB 74.1 w/LIP (Pair)",89.28069,127.54840
Akata,AKBM503,"BM503 ","AKATA WHEEL SPACER 3MM 5 X 120 CB 72.5 FLAT (Pair)",53.13896,76.52480
Akata,AKBM505,"BM505 ","AKATA WHEEL SPACER 5MM 5 X 120 CB 72.5 FLAT (Pair)",57.39093,82.90274
Akata,AKBM513,"BM513 ","AKATA WHEEL SPACER 13MM 5 X 120 CB 72.5 w/LIP (Pair)",70.14683,100.97360
Akata,AKBM515,"BM515 ","AKATA WHEEL SPACER 15MM 5 X 120 CB 72.5 w/LIP (Pair)",89.28069,127.54840
Akata,AKBM520,"BM520 ","AKATA WHEEL SPACER 20MM 5 X 120 CB 72.5 w/LIP (Pair)",97.78464,140.30432
Akata,AKBM525,"BM525 ","AKATA WHEEL SPACER 25MM 5 X 120 CB 72.5 w/LIP (Pair)",102.03661,146.68227
Akata,AKBMF08,"BMF08 ","AKATA WHEEL SPACER 8MM 5 X 120 CB 72.5 FLAT (Pair)",62.70589,90.34368
Akata,AKCO503,"CO503 ","AKATA WHEEL SPACER 3MM 5 X 120.65 CB 70.3 FLAT (Pair)",53.13896,76.52480
Akata,AKCOW15,"COW15 ","AKATA WHEEL SPACER 15MM 5 X 120.65 CB 70.3 w/STUDS (Pair)",110.54053,158.37517
Akata,AKCOW20,"COW20 ","AKATA WHEEL SPACER 20MM 5 X 120.65 CB 70.3 w/STUDS (Pair)",114.79250,164.75314
Akata,AKFNW15,"FNW15 ","AKATA WHEEL SPACER 15MM 5 X 114.3 CB 70.5 w/STUDS (Pair) 14x1.5",110.54053,158.37517
Akata,AKFNW20,"FNW20 ","AKATA WHEEL SPACER 20MM 5 X 114.3 CB 70.5 w/STUDS (Pair) 14X1.5",114.79250,164.75314
Akata,AKFOW15,"FOW15 ","AKATA WHEEL SPACER 15MM 5 X 114.3 CB 70.5 w/STUDS (Pair) 1/2""",110.54053,158.37517
Akata,AKFOW20,"FOW20 ","AKATA WHEEL SPACER 20MM 5 X 114.3 CB 70.5 w/STUDS (Pair) 1/2""",114.79250,164.75314
Akata,AKFOW25,"FOW25 ","AKATA WHEEL SPACER 25MM 5 X 114.3 CB 70.5 w/STUDS (Pair) 1/2""",119.04448,170.06810
Akata,AKGMW15,"GMW15 ","AKATA WHEEL SPACER 15MM 5 X 120 CB 66.9 w/STUDS (Pair)",110.54053,158.37517
Akata,AKGMW20,"GMW20 ","AKATA WHEEL SPACER 20MM 5 X 120 CB 66.9 w/STUDS (Pair)",114.79250,164.75314
Akata,AKHOD10,"HOD10 ","AKATA WHEEL SPACER 10MM 4 X 100 CB 56.1 w/LIP (Pair)",78.65077,112.66653
Akata,AKHOW12,"HOW12 ","AKATA WHEEL SPACER 12MM 5 X 114.3 CB 64.1 w/STUDS (Pair)",106.28856,151.99723
Akata,AKHOW15,"HOW15 ","AKATA WHEEL SPACER 15MM 5 X 114.3 CB 64.1 w/STUDS (Pair)",110.54053,158.37517
Akata,AKHOW20,"HOW20 ","AKATA WHEEL SPACER 20MM 5 X 114.3 CB 64.1 w/STUDS (Pair)",114.79250,164.75314
Akata,AKHOW25,"HOW25 ","AKATA WHEEL SPACER 25MM 5 X 114.3 CB 64.1 w/STUDS (Pair)",119.04448,170.06810
Akata,AKHOW30,"HOW30 ","AKATA WHEEL SPACER 30MM 5 X 114.3 CB 64.1 w/STUDS (Pair)",128.61141,183.88699
Akata,AKJA505,"JA505 ","AKATA WHEEL SPACER 5MM 5 X 108 CB 64.3 FLAT (Pair)",61.64290,88.21770
Akata,AKKI510,"KI510 ","AKATA WHEEL SPACER 10MM 5 X 114.3/4 X 114.3 CB 67.1 w/LIP (Pair)",78.65077,112.66653
Akata,AKKI515,"KI515 ","AKATA WHEEL SPACER 15MM 5 X 114.3/4 X 114.3 CB 67.1 w/SHANK (Pair)",89.28069,127.54840
Akata,AKKI520,"KI520 ","AKATA WHEEL SPACER 20MM 4 X 114.3 / 5 X 114.3 CB 67.1 BLACK w/LIP (Pair)",97.78464,140.30432
Akata,AKKID05,"KID05 ","AKATA WHEEL SPACER 5MM 5 X 114.3 CB 67.1 FLAT (Pair)",57.39093,82.90274
Akata,AKKIW15,"KIW15 ","AKATA WHEEL SPACER 15MM 5 X 114.3 CB 67.1 w/STUDS (Pair)",110.54053,158.37517
Akata,AKKIW20,"KIW20 ","AKATA WHEEL SPACER 20MM 5 X 114.3 CB 67.1 w/STUDS (Pair)",114.79250,164.75314
Akata,AKKIW25,"KIW25 ","AKATA WHEEL SPACER 25MM 5 X 114.3 CB 67.1 w/STUDS (Pair)",119.04448,170.06810
Akata,AKKIW30,"KIW30 ","AKATA WHEEL SPACER 30MM 5 X 114.3 CB 67.1 w/STUDS (Pair)",128.61141,183.88699
Akata,AKKIZ15,"KIZ15 ","AKATA WHEEL SPACER 15MM 5 X 114.3 CB 67.1 INSERT (Pair)",154.12322,221.09171
Akata,AKMB505,"MB505 ","AKATA WHEEL SPACER 5MM 5 X 112 CB 66.5 FLAT (Pair)",57.39093,82.90274
Akata,AKMB510,"MB510 ","AKATA WHEEL SPACER 10MM 5 X 112 CB 66.56 w/SHANK (Pair)",78.65077,112.66653
Akata,AKMB513,"MB513 ","AKATA WHEEL SPACER 13MM 5 X 112 CB 66.5 w/LIP (Pair)",82.90274,119.04448
Akata,AKMB515,"MB515 ","AKATA WHEEL SPACER 15MM 5 X 112 CB 66.5 w/LIP (Pair)",89.28069,127.54840
Akata,AKMB520,"MB520 ","AKATA WHEEL SPACER 20MM 5 X 112 CB 66.5 w/LIP (Pair)",97.78464,140.30432
Akata,AKMB525,"MB525 ","AKATA WHEEL SPACER 25MM 5 X 112 CB 66.5 w/LIP (Pair)",102.03661,146.68227
Akata,AKMBF10,"MBF10 ","AKATA WHEEL SPACER 10MM 5 X 112 CB 66.5 FLAT (Pair)",63.76888,91.40667
Akata,AKMBF12,"MBF12 ","AKATA WHEEL SPACER 12MM 5 X 112 CB 66.5 FLAT (Pair)",70.14683,100.97360
Akata,AKMBF15,"MBF15 ","AKATA WHEEL SPACER 15MM 5 X 112 CB 66.5 FLAT (Pair)",78.65077,112.66653
Akata,AKMBG06,"MBG06 ","AKATA WHEEL SPACER 6MM 5 X 130 CB 84.1 w/LIP (Pair)",63.76888,91.40667
Akata,AKMBG15,"MBG15 ","AKATA WHEEL SPACER 15MM 5 X 130 CB 84.1 w/SHANK (Pair)",89.28069,127.54840
Akata,AKNI510,"NI510 ","AKATA WHEEL SPACER 10MM 5 X 114.3 CB 66.1 w/LIP (Pair)",78.65077,112.66653
Akata,AKNIW12,"NIW12 ","AKATA WHEEL SPACER 12MM 5 X 114.3 CB 66.1 w/STUDS (Pair)",106.28856,151.99723
Akata,AKNIW15,"NIW15 ","AKATA WHEEL SPACER 15MM 5 X 114.3 CB 66.1 w/STUDS (Pair)",110.54053,158.37517
Akata,AKNIW20,"NIW20 ","AKATA WHEEL SPACER 20MM 5 X 114.3 CB 66.1 w/STUDS (Pair)",114.79250,164.75314
Akata,AKNIW25,"NIW25 ","AKATA WHEEL SPACER 25MM 5 X 114.3 CB 66.1 w/STUDS (Pair)",119.04448,170.06810
Akata,AKPO505,"PO505 ","AKATA WHEEL SPACER 5MM 5 X 130 CB 71.6 FLAT (Pair)",57.39093,82.90274
Akata,AKPO513,"PO513 ","AKATA WHEEL SPACER 13MM 5 X 130 CB 71.6 w/LIP (Pair)",82.90274,119.04448
Akata,AKPO515,"PO515 ","AKATA WHEEL SPACER 15MM 5 X 130 CB 71.6 w/LIP (Pair)",89.28069,127.54840
Akata,AKPO520,"PO520 ","AKATA WHEEL SPACER 20MM 5 X 130 CB 71.6 w/LIP (Pair)",97.78464,140.30432
Akata,AKPO525,"PO525 ","AKATA WHEEL SPACER 25MM 5 X 130 CB 71.6 w/LIP (Pair)",102.03661,146.68227
Akata,AKSBW15,"SBW15 ","AKATA WHEEL SPACER 15MM 5 X 114.3 CB 56.1 w/STUDS (Pair)",110.54053,158.37517
Akata,AKSBW20,"SBW20 ","AKATA WHEEL SPACER 20MM 5 X 114.3 CB 56.1 w/STUDS (Pair)",114.79250,164.75314
Akata,AKSUW12,"SB-SUW12 ","AKATA WHEEL SPACER 12MM 5 X 100 CB 56.1 w/STUDS (Pair)",90.11385,129.29806
Akata,AKSUW15,"SUW15 ","AKATA WHEEL SPACER 15MM 5 X 100 CB 56.1 w/STUDS (Pair)",110.54053,158.37517
Akata,AKSUW20,"SUW20 ","AKATA WHEEL SPACER 20MM 5 X 100 CB 56.1 w/STUDS (Pair)",114.79250,164.75314
Akata,AKTO505,"TO505 ","AKATA WHEEL SPACER 5MM 5 X 114.3 CB 60.1 FLAT (Pair)",57.39093,82.90274
Akata,AKTO510,"TO510 ","AKATA WHEEL SPACER 10MM 5 X 114.3 CB 60.1 w/LIP (Pair)",78.65077,112.66653
Akata,AKTOD05,"TOD05 ","AKATA WHEEL SPACER 5MM 4 X 100 CB 54.1 FLAT (Pair)",57.39093,82.90274
Akata,AKTOW12,"TOW12 ","AKATA WHEEL SPACER 12MM 5 X 114.3 CB 60.1 w/STUDS (Pair)",106.28856,151.99723
Akata,AKTOW15,"TOW15 ","AKATA WHEEL SPACER 15MM 5 X 114.3 CB 60.1 w/STUDS (Pair)",110.54053,158.37517
Akata,AKTOW20,"TOW20 ","AKATA WHEEL SPACER 20MM 5 X 114.3 CB 60.1 w/STUDS (Pair)",114.79250,164.75314
Akata,AKTOW25,"TOW25 ","AKATA WHEEL SPACER 25MM 5 X 114.3 CB 60.1 w/STUDS (Pair)",119.04448,170.06810
Akata,AKVWD05,"VWD05 ","AKATA WHEEL SPACER 5MM 4 X 100 & 5x100 CB 57.1 FLAT (Pair)",57.39093,82.90274
Akata,AKVWD20,"VWD20 ","AKATA WHEEL SPACER 25MM 4 X 100/5 X 100 CB 57.1 w/SHANK (Pair)",97.78464,140.30432
"BBS Wheels",CH018BPO,"CH018BPO ","BBS CH 18 X 10 +40 5 X 120 PFS BLACK w/STAINLESS L DISCONTINUED",538.07760,631.91107
"BBS Wheels",CH127BPO,"CH127BPO ","BBS CHR 19 X 8.5 +48 5 X 112 PFS BLACK w/STAINLESS LIP",903.45115,1004.18191
"BBS Wheels",CH127SPO,"CH127SPO ","BBS CHR 19 X 8.5 +48 5 X 112 PFS SILVER w/STAINLESS LIP",903.45115,1004.18191
"BBS Wheels",RG779DBK,"RG779DBK ","BBS RGR 19 X 10 +25 5 X 120 PFS DIAMOND BLACK",1751.87422,1947.10500
"BBS Wheels",SR003SG,"SR003SG ","BBS SR 17 X 7.5 +35 5 X 120 PFS SATIN GREY",360.33576,400.83576
"BBS Wheels",SR005SG,"SR005SG ","BBS SR 17 X 7.5 +45 5 X 112 PFS SATIN GREY",360.33576,400.83576
"BBS Wheels",SR008SG,"SR008SG ","BBS SR 17 X 7.5 +42 5 X 114.3 PFS SATIN GREY",360.33576,400.83576
"BBS Wheels",SR014SG,"SR014SG ","BBS SR 18 X 8 +35 5 X 112 PFS SATIN GREY",440.29730,490.14345
"BBS Wheels",SR016SG,"SR016SG ","BBS SR 18 X 8 +45 5 X 112 PFS SATIN GREY",440.29730,490.14345
"BBS Wheels",SR017SG,"SR017SG ","BBS SR 18 X 8 +40 5 X 114.3 PFS SATIN GREY",440.29730,490.14345
"BBS Wheels",SR019SG,"SR019SG ","BBS SR 18 X 8 +32 5 X 120 PFS SATIN GREY",440.29730,490.14345
"BBS Wheels",SR019SK,"SR019SK ","BBS SR 18 X 8 +32 5 X 120 PFS SILVER DISCONTINUED",265.73739,372.03661
"BBS Wheels",SR021SG,"SR021SG ","BBS SR 18 X 10 +41 5 X 130 71.6 SATIN GREY",555.56653,617.87422
"BBS Wheels",SR022SG,"SR022SG ","BBS SR 18 X 8 +50 5 X 130 71.6 SATIN GREY",489.10500,544.14345
"BBS Wheels",SR026SG,"SR026SG ","BBS SR 19 X 8.5 +32 5 X 120 PFS SATIN GREY",604.37422,671.87422
"BBS Wheels",SR027SG,"SR027SG ","BBS SR 19 X 8.5 +32 5 X 112 PFS SATIN GREY",604.37422,671.87422
"BBS Wheels",SR028SG,"SR028SG ","BBS SR 19 X 8.5 +46 5 X 112 PFS SATIN GREY",604.37422,671.87422
"BBS Wheels",SR032SG,"SR032SG ","BBS SR 18 X 8 +21 5 X 112 66.56 SATIN GREY",489.10500,544.14345
"BBS Wheels",SR033SG,"SR033SG ","BBS SR 18 X 9 +21 5 X 112 66.56 SATIN GREY",519.22038,577.37422
"BBS Wheels",SX0104CB,"SX0104CB ","BBS SX 18 X 8 +40 5 X 114.3 PFS CRYSTAL BLACK",415.37422,462.10500
"BBS Wheels",SX0105CB,"SX0105CB ","BBS SX 18 X 8 +45 5 X 108 PFS CRYSTAL BLACK",415.37422,462.10500
"BBS Wheels",XR0104PG,"XR0104PG ","BBS XR 18 X 8 +40 5 X 114.3 PFS PLATINUM GLOSS",440.29730,490.14345
"BC Racing",BC-A-02-BR,"A-02-BR ","BC RACING BR HONDA CIVIC (REAR FORK) 92-95 EG6/EH",1335.45115,1424.75883
"BC Racing",BC-F-04E-BR,"F-04E ","BC RACING BR SUBARU LEGACY 05-09 BL9/BP",1295.23707,1365.33279
"BC Racing",BC-F-17-BR,"F-17-BR ","BC RACING BR SUBARU IMPREZA STI 11-14 GVB/GVF",1513.02807,1613.75883
"BC Racing",BC-F-25-BR,"F-25-BR ","BC RACING BR SUBARU STI/WRX 15- VA2",1513.02807,1613.75883
"BC Racing",BC-M-25-BR,"M-25-BR ","BC RACING BR HYUNDAI TUCSON AWS 2010-2015",1513.02807,1613.75883
"BC Racing",BC-S-07E-BR,"S-07E-BR ","BC RACING BR AUDI A4 FWD/AWD 09-16 B8",1512.20682,1613.45682
"BC Racing",BC-S-27-BR,"S-27-BR ","BC RACING BR AUDI A4 (53MM FRONT STRUT) 17- B9",1513.02807,1613.75883
"BC Racing",BC-V-18-BR,"V-18-BR ","BC RACING BR INFINITI Q50 RWD EYELET FRONT LOWER MOUNT (EXCLUDES 2.0T) 14- V37",1513.02807,1613.75883
"Big Mikes Performance Parts",SNS115,"SNS115 ","LICENCE PLATE TOW HOOK MOUNT FORD F-150 RAPTOR GEN2",103.10867,134.04439
"Big Mikes Performance Parts",SNS135A,"SNS135A ","LICENCE PLATE TOW HOOK MOUNT FORD MUSTANG GT W/PER PACK 2018",103.10867,134.04439
"Big Mikes Performance Parts",SNS135C,"SNS135C ","LICENCE PLATE TOW HOOK MOUNT FORD MUSTANG GT W/PER PACK2 2018+",103.10867,134.04439
"Big Mikes Performance Parts",SNS143,"SNS143 ","LICENCE PLATE TOW HOOK MOUNT HONDA CIVIC TYPE R 2017-2018",103.10867,134.04439
"Big Mikes Performance Parts",SNS16A,"SNS16A ","LICENCE PLATE TOW HOOK MOUNT PORSCHE 911 2014-2015",103.10867,134.04439
"Big Mikes Performance Parts",SNS19A,"SNS19A ","LICENCE PLATE TOW HOOK MOUNT FORD FOCUS ST 2015-2016",103.10867,134.04439
"Big Mikes Performance Parts",SNS19B,"SNS19B ","LICENCE PLATE TOW HOOK MOUNT FORD FOCUS RS 2016",103.10867,134.04439
"Big Mikes Performance Parts",SNS1A,"SNS1A ","LICENCE PLATE TOW HOOK MOUNT CHALLENGER 2015+ INCL. HELLCAT",103.10867,134.04439
"Big Mikes Performance Parts",SNS1B,"SNS1B ","LICENCE PLATE TOW HOOK MOUNT CHALLENGER 2015+ W/O ADAPT CRUISE",103.10867,134.04439
"Big Mikes Performance Parts",SNS1E,"SNS1E ","LICENCE PLATE TOW HOOK MOUNT DODGE CHALLENGER HELLCAT 2015-19",103.10867,134.04439
"Big Mikes Performance Parts",SNS200,"SNS200 ","LICENCE PLATE TOW HOOK MOUNT CHEV C8 CORVETTE BASE",103.10867,134.04439
"Big Mikes Performance Parts",SNS200A,"SNS200A ","LICENCE PLATE TOW HOOK MOUNT CHEV C8 CORVETTE BASE Z51",103.10867,134.04439
"Big Mikes Performance Parts",SNS232,"SNS232 ","LICENCE PLATE TOW HOOK MOUNT BMW M8 2019+",103.10867,134.04439
"Big Mikes Performance Parts",SNS245,"SNS245 ","LICENCE PLATE TOW HOOK MOUNT MERCEDES AMG GTR 2018-2020",103.10867,134.04439
"Big Mikes Performance Parts",SNS24A,"SNS24A ","LICENCE PLATE TOW HOOK MOUNT CHEVY COMARO V6 2014",103.10867,134.04439
"Big Mikes Performance Parts",SNS28,"SNS28 ","LICENCE PLATE TOW HOOK MOUNT CHEV C6 CORVETTE",103.10867,134.04439
"Big Mikes Performance Parts",SNS280,"SNS280 ","LICENCE PLATE TOW HOOK MOUNT FORD MUSTANG MACH1 W/O HANDLING",103.10867,134.04439
"Big Mikes Performance Parts",SNS28A,"SNS28A ","LICENCE PLATE TOW HOOK MOUNT CHEV C6 CORVETTE Z-06",103.10867,134.04439
"Big Mikes Performance Parts",SNS29,"SNS29 ","LICENCE PLATE TOW HOOK MOUNT BMW 6 Sieries 2012-2014",103.10867,134.04439
"Big Mikes Performance Parts",SNS50,"SNS50 ","LICENCE PLATE TOW HOOK MOUNT CHEVY C7 CORVETTE 2014-2015",103.10867,134.04439
"Big Mikes Performance Parts",SNS62A,"SNS62A ","LICENCE PLATE TOW HOOK MOUNT FORD MUSTANG 2015 50th ANNI/PERF PACK",103.10867,134.04439
"Big Mikes Performance Parts",SNS66,"SNS66 ","LICENCE PLATE TOW HOOK MOUNT DODGE CHARGER 2015-2021 SE/SX/R/T",103.10867,134.04439
"Big Mikes Performance Parts",SNS80,"SNS80 ","LICENCE PLATE TOW HOOK MOUNT NISSAN 370Z 2016-2017",103.10867,134.04439
BIMECC,BIMANL726-541,"ANL726-541 ","Aluminum Center Ring External Diameter 72.6 Internal Diameter 54.1 (Mazda 4 bolt",3.49722,4.36887
BIMECC,BIMANL726-561,"ANL726-561 ","Aluminum Center Ring External Dia 72.6 Internal Diameter 56.1 (SUBARU/Honda 4 b)",3.49722,4.36887
BIMECC,BIMANL726-566,"ANL726-566 ","Aluminum Center Ring External Diameter 72.6 Internal Diameter 56.6",3.49722,4.36887
BIMECC,BIMANL726-571,"ANL726-571 ","Aluminum Center Ring External Diameter 72.6 Internal Diameter 57.1 (VW)",3.49722,4.36887
BIMECC,BIMANL726-601,"ANL726-601 ","Aluminum Center Ring External Diameter 72.6 Internal Diameter 60.1 (Toyota/Lexus",3.49722,4.36887
BIMECC,BIMANL726-634,"ANL726-634 ","Aluminum Center Ring External Diameter 72.6 Internal Diameter 63.4",3.49722,4.36887
BIMECC,BIMANL726-641,"ANL726-641 ","Aluminum Center Ring Ext Dia 72.6 Internal Dia64.1 (HONDA/TESLA 5 BOLT 5x114.3)",3.49722,4.36887
BIMECC,BIMANL726-651,"ANL726-651 ","Aluminum Center Ring External Diameter 72.6 Internal Diameter 65.1",3.49722,4.36887
BIMECC,BIMANL726-661,"ANL726-661 ","Aluminum Center Ring External Diameter 72.6 Internal Diameter 66.1 (NISSAN)",3.49722,4.36887
BIMECC,BIMANL726-666,"ANL726-666 ","Aluminum Center Ring External Diameter 72.6 Internal Diameter 66.6",3.49722,4.36887
BIMECC,BIMANL726-671,"ANL726-671 ","Aluminum Center Ring Ext Dia 72.6 Internal Diameter 67.1 (MAZDA/HYUNDAI/KIA/MIT)",3.49722,4.36887
BIMECC,BIMANL726-715,"ANL726-715 ","Aluminum Center Ring External Diameter 72.6 Internal Diameter 71.5",10.30036,12.88343
BIMECC,BIMANL731-541,"ANL731-541 ","Aluminum Center Ring External Diameter 73.1 Internal Diameter 54.1",3.49722,4.36887
BIMECC,BIMANL731-561,"ANL731-561 ","Aluminum Center Ring External Diameter 73.1 Internal Diameter 56.1",6.22927,12.45900
BIMECC,BIMANL731-571,"ANL731-571 ","Aluminum Center Ring External Diameter 73.1 Internal Diameter 57.1",3.49722,4.36887
BIMECC,BIMANL731-601,"ANL731-601 ","Aluminum Center Ring External Diameter 73.1 Internal Diameter 60.1 (Toyota/Lexus",3.49722,4.36887
BIMECC,BIMANL731-641,"ANL731-641 ","Aluminum Center Ring External Diameter 73.1 Internal Diameter 64.1",3.49722,4.36887
BIMECC,BIMANL731-651,"ANL731-651 ","Aluminum Center Ring External Diameter 73.1 Internal Diameter 65.1",3.49722,4.36887
BIMECC,BIMANL731-661,"ANL731-661 ","Aluminum Center Ring External Diameter 73.1 Internal Diameter 66.1",3.49722,4.36887
BIMECC,BIMANL731-666,"ANL731-666 ","Aluminum Center Ring External Diameter 73.1 Internal Diameter 66.6",3.49722,4.36887
BIMECC,BIMANL731-671,"ANL731-671 ","Aluminum Center Ring External Diameter 73.1 Internal Diameter 67.1",3.49722,4.36887
BIMECC,BIMANL741-541,"ANL741-541 ","Aluminum Center Ring External Diameter 74.1 Internal Diameter 54.1",3.49722,4.36887
BIMECC,BIMANL741-601,"ANL741-601 ","Aluminum Center Ring External Diameter 74.1 Internal Diameter 60.1",3.49722,4.36887
BIMECC,BIMANL741-726,"ANL741-726 ","Aluminum Center Ring External Diameter 74.1 Internal Diameter 72.6",6.12282,7.65352
BIMECC,BIMANL750-541,"ANL750-541 ","Aluminum Center Ring External Diameter 75.0 Internal Diameter 54.1",3.49722,4.36887
BIMECC,BIMANL750-561,"ANL750-561 ","Aluminum Center Ring External Diameter 75.0 Internal Diameter 56.1",3.49722,4.36887
BIMECC,BIMANL750-566,"ANL750-566 ","Aluminum Center Ring External Diameter 75.0 Internal Diameter 56.6",3.49722,4.36887
BIMECC,BIMANL750-571,"ANL750-571 ","Aluminum Center Ring External Diameter 75.0 Internal Diameter 57.1",3.49722,4.36887
BIMECC,BIMANL750-601,"ANL750-601 ","Aluminum Center Ring External Diameter 75.0 Internal Diameter 60.1",3.49722,4.36887
BIMECC,BIMANL750-634,"ANL750-634 ","Aluminum Center Ring External Diameter 75.0 Internal Diameter 63.4",3.49722,4.36887
BIMECC,BIMANL750-641,"ANL750-641 ","Aluminum Center Ring External Diameter 75.0 Internal Diameter 64.1",3.49722,4.36887
BIMECC,BIMANL750-651,"ANL750-651 ","Aluminum Center Ring External Diameter 75.0 Internal Diameter 65.1",3.49722,4.36887
BIMECC,BIMANL750-661,"ANL750-661 ","Aluminum Center Ring External Diameter 75.0 Internal Diameter 66.1",3.49722,4.36887
BIMECC,BIMANL750-666,"ANL750-666 ","Aluminum Center Ring External Diameter 75.0 Internal Diameter 66.6",3.49722,4.36887
BIMECC,BIMANL750-671,"ANL750-671 ","Aluminum Center Ring External Diameter 75.0 Internal Diameter 67.1",3.49722,4.36887
BIMECC,BIMANL750-705,"ANL750-705 ","Aluminum Center Ring External Diameter 75.0 Internal Diameter 70.5",8.80156,11.00194
BIMECC,BIMAP633541U,"AP633541U ","HUB RING Plastic 63.3/54.1",1.72202,2.14722
BIMECC,BIMAP640-581,"AP640-581 ","HUB RING Plastic 64.0-58.1",1.72202,2.14722
BIMECC,BIMAP666571,"AP666571 ","HUB RING Plastic 66.6/57.1",1.72202,2.14722
BIMECC,BIMAP726601,"AP726601 ","HUB RING Plastic 72.6-60.1 - LIME GREEN",1.72202,2.14722
BIMECC,BIMAP726651,"AP726651 ","HUB RING Plastic 72.6/65.1",1.72202,2.14722
BIMECC,BIMAP726666,"AP726666 ","HUB RING Plastic 72.6/66.6",1.72202,2.14722
BIMECC,BIMAP731541,"AP731541 ","HUB RING Plastic 73.1/54.1 - (Grey)",1.72202,2.14722
BIMECC,BIMAP731601,"AP731601 ","HUB RING Plastic 73.1/60.1 - (Dark Grey)",1.72202,2.14722
BIMECC,BIMAP731651,"AP731651 ","HUB RING Plastic 73.1/65.1",1.72202,2.14722
BIMECC,BIMAP731661,"AP731661 ","HUB RING Plastic 73.1/66.1 - (Violet)",1.72202,2.14722
BIMECC,BIMAP731703,"AP731703 ","HUB RING Plastic 73.1/70.3",1.72202,2.14722
BIMECC,BIMB13-ZNNITT,"B13-ZNNITT ","Bolt Hex17 M14x1.5x28 TL52 60 Black Zinc. Nickel P DISCONTINUED",2.99761,3.74170
BIMECC,BIMB34-ZNNITT,"B34-ZNNITT ","Bolt Hex17 M12x1.5x39 TL64 60 Zinc.Pl.12M +Black Z",3.40156,4.25194
BIMECC,BIMB39LE,"B39LE ","Bolt for PCD Variation Hex19 M12x1.25 x24.5 TL62 Zinc.Pl.12M",5.32557,6.66496
BIMECC,BIMB40LE,"B40LE ","Bolt for PCD Variation Hex19 M12x1.25 x29.5 TL62 Zinc.Pl.12M",5.32557,6.66496
BIMECC,BIMB48LE,"B48LE ","Bolt for PCD Variation Hex17 M12x1.5 x27 TL59 Zinc.Pl.12M",5.32557,6.66496
BIMECC,BIMC17A28-ZNNITT,"C17A28-ZNNITT ","Bolt Hex17 M12x1.5x28 TL53.5 60 Zinc.Pl.12M + Blac",2.83817,3.55036
BIMECC,BIMC17A35-ZNNITT,"C17A35-ZNNITT ","Bolt Hex17 M12x1.5x35 TL60.5 60 Zinc.Pl.12M + Blac",3.22084,4.01809
BIMECC,BIMC17A45-ZNNITT,"C17A45-ZNNITT ","Bolt Hex17 M12x1.5x45 TL70.5 60 Zinc.Pl.12 + Black",3.46532,4.33698
BIMECC,BIMC17B30,"C17B30 ","Bolt Hex17 M12x1.25x30 TL54 60 Zinc.Pl.12M Alfa 4c Fronts",1.84960,2.31731
BIMECC,BIMC17B36,"C17B36 ","Bolt Hex17 M12x1.25x36 TL60 60 Zinc.Pl.12M",2.14723,2.68936
BIMECC,BIMC17D35,"C17D35 ","Bolt Hex17 M14x1.5x35 TL58 60 Zinc.Pl.12M",2.28541,2.85944
BIMECC,BIMC17D40,"C17D40 ","Bolt Hex17 M14x1.5x40 TL64 60 Zinc.Pl.12M",2.28541,2.85944
BIMECC,BIMC17D40-ZNNI,"C17D40-ZNNI ","Bolt Hex17 M14x1.5x40 TL63.5 60 Black Zinc.",3.74171,4.67715
BIMECC,BIMC17D40-ZNNITT,"C17D40-ZNNITT ","Bolt Hex17 M14x1.5x40 TL63.5 60 Black Zinc. Nickel DISCONTINUED",3.52911,4.41140
BIMECC,BIMC17D45,"C17D45 ","Bolt Hex17 M14x1.5x45 TL69 60 Zinc. PL12M",2.48739,3.10392
BIMECC,BIMC17D50-ZNNITT,"C17D50-ZNNITT ","Bolt Hex17 M14x1.5x50 TL74 60 Black Zinc. Nickel P DISCONTINUED",4.02871,5.03855
BIMECC,BIMC17F33,"C17F33 ","Bolt Hex17 M14x1.25x33 TL54.5 60 Zinc.Pl.12M BMW X-5 BOLT",2.44488,3.06141
BIMECC,BIMC17F33-ZNITT,"BIMC17F33-ZNITT ","Bolt Hex17 M14x1.25x33 TL54.5 60 Zinc.Pl.12M BMW X DISCONTINUED",4.08240,8.16502
BIMECC,BIMC17F45-ZNITT,"BIMC17F45-ZNITT ","Bolt Hex17 M14x1.25x45 TL54.5 60 Zinc.Pl.12M BMW X",4.29172,8.58375
BIMECC,BIMC17F50,"C17F50 ","Bolt Hex17 M14x1.25x50 TL71.5 60 Zinc.Pl.12M BMW X-5 BOLT",2.91258,3.63541
BIMECC,BIMCRP/314,"CRP/314 ","Spline Wheel Stud M12x1.5x70 DP14mm",4.46456,5.58069
BIMECC,BIMCSTL17,"CSTL17 ","Tuner Lug Adaptor Hex17 Zinc.Pl.12M 70mm",7.28149,9.09920
BIMECC,BIMCSTL19,"CSTL19 ","Tuner Lug Adaptor Hex19 Zinc.Pl.12M 70mm",7.28149,9.09920
BIMECC,BIMCSTL21,"CSTL21 ","Tuner Lug Adaptor Hex21 Zinc.Pl.12M 70mm",7.28149,9.09920
BIMECC,BIMD10,"D10 ","Closed Nut Hex19 1/2UNFx34 60 Zinc.Pl.12M",1.42440,1.77517
BIMECC,BIMD102,"D102 ","Closed Nut Hex19 M14x1.5x36 60 with 12mm Shank Zinc.Pl.12M",2.41298,3.01888
BIMECC,BIMD13,"D13 ","Closed Nut Hex19 M14x1.5x34 60 Zinc.Pl.12M",1.42440,1.77517
BIMECC,BIMD17,"D17 ","Open Nut Hex19 M14x1.5x25 60 Zinc.Pl.12M",1.12675,1.40314
BIMECC,BIMD29D,"D29D ","Nut Hex21 M14x1.5x49 60 Zinc.Pl.12M +Stainless Steel cap",8.30195,10.38541
BIMECC,BIMD29G,"D29G ","Nut Hex21 9/16xUNFx49 60 Zinc.Pl.12M +Stainless Steel cap",4.46456,5.58069
BIMECC,BIMD30R,"D30R ","Closed Nut Hex19 M12x1.5x27 R12 Zinc.Pl.12M + Stainless Steel cap",1.75392,2.18976
BIMECC,BIMD39LE,"D39LE ","Bolt for PCD Variation Hex17 M14x1.5 x27 TL58 Zinc.Pl.12M",7.04762,8.81219
BIMECC,BIMD5,"D5 ","Closed Nut Hex19 M14x1.5x41 60 Zinc.Pl.12M",1.75392,2.18976
BIMECC,BIMD5X2,"D5X2 ","Closed Nut Hex19 M14x2x41 60 Zinc.Pl.12M",1.92400,2.40235
BIMECC,BIMD95,"D95 ","Open Nut Hex17 M12 x1.5x23 60 Zinc.Pl.12M",1.12675,1.40314
BIMECC,BIMD95DR13,"D95DR13 ","Open Nut Hex17 M14x1.5x19 R13 Zinc.Pl.12M (NOT ON CATALOG)",2.51928,3.14645
BIMECC,BIMDM7-1,"DM7-1 ","Nut M7x1 Dacromet DISCONTINUED",0.31688,0.63416
BIMECC,BIMDST20A,"DST20A ","Tuner Lug Nut M12x1.5x37 60OD20mm Zinc.Pl.12M",2.61496,3.26336
BIMECC,BIMDST20A-ZNNITT,"DST20A-ZNNITT ","Tuner Lug Nut M12x1.5x37 60OD20mm Zinc.Pl.12M DISCONTINUED",3.83738,4.80471
BIMECC,BIMDST20E,"DST20E ","Tuner Lug Nut 1/2UNFx37 60OD20mm Zinc.Pl.12M",2.88069,3.60352
BIMECC,BIMDV2LE,"DV2LE ","Closed Nut for PCD Variation Hex19 M12x1.25x34 Zinc.Pl.12M",10.69368,13.36179
BIMECC,BIMDV6LE,"DV6LE ","Closed Nut for PCD Variation Hex19 M12x1.5x34 Zinc.Pl.12M",10.69368,13.36179
BIMECC,BIMLS17D27F,"LS17D27F ","Bolt Hex17 14x1.5x27 TL48 R13 Hollow Head Zinc.PL.12M",1.55195,1.94525
BIMECC,BIMLS17D27F-MW,"LS17D27F-MW ","Bolt Hex17 M14x1.5x27.5 R13 TL51 Hollow Head Black Zinc.+ Moving Washer",3.90117,4.87912
BIMECC,BIMPS19D42-MW-ZN,"PS19D42-MW-ZN ","Bolt 19 Hex 14x1.5x42 spherical R14 + MW Porsche B DISCONTINUED",7.49407,9.36495
BIMECC,BIMS17A28,"S17A28 ","Bolt Hex17 M12x1.5x28 TL48.5 R12 Zinc. Pl. 12M",1.65826,2.07282
BIMECC,BIMS17D30,"S17D30 ","Bolt Hex17 M14x1.5x30 TL51 R12 Zinc.Pl.12M",1.95589,2.44488
BIMECC,BIMS17D64,"S17D64 ","Bolt Hex17 M14x1.5x64 TL83 R12 Zinc.Pl.12M",5.05984,6.32480
BIMECC,BIMS17F39R12-ZNITT,"S17F39R12-ZNITT ","Bolt Hex17 M14x1.25 x 39mm length BALLSEAT extende DISCONTINUED",3.49569,5.72241
BIMECC,BIMUB125,"UB125 ","Lock Bolt Kit M12x1.5x25 60 + Key Adaptor Hex 17-19",20.45195,25.56496
BIMECC,BIMUB425,"UB425 ","Lock Bolt Kit M14x1.5x25 60 + Key Adaptor Hex 17-19",20.45195,25.56496
BIMECC,BIMUB430,"UB430 ","Lock Bolt Kit M14x1.5x29 60 + Key Adaptor Hex 17-19",20.45195,25.56496
BIMECC,BIMUB430B,"UB430B ","Lock Bolt Kit M14x1.5x29 60 + Key Adaptor Hex 17-19 BLACK",29.12597,36.40746
BIMECC,BIMUM415,"UM415 ","Closed Lock Nut Kit M14x1.5 60 + Key Adaptor Hex 19-21",20.45195,25.56496
BIMECC,BIMVST20A28,"VST20A28 ","Tuner Bolt M12x1.5x28 TL54 D.20mm Zinc.Pl.12M",1.65826,2.07282
BIMECC,BIMVSTB28,"VSTB28 ","Tuner Bolt M12x1.25x28 TL53.5 D23mm Zinc.Pl.12M",1.58384,1.98778
BIMECC,BIMVSTD28,"VSTD28 ","Tuner Bolt M14x1.5x28 TL53.5 D.23mm Zinc.Pl.12M",1.72203,2.14723
"BMC Air Filters",BMCCRF01082,"CRF01082 ","BMC CRF PORSCHE 911 (991.2) 3.8 H6 TURBO GT2 RS 700 17 >",1417.99000,1722.99000
"BMC Air Filters",BMCCRF612/08,"CRF612/08 ","BMC CRF AUDI R8 4.2 V8 FSI COUP 420HP YEAR: 10 >15 CRF REPLACEMENT FILTER CARB",878.99000,1067.99000
"BMC Air Filters",BMCCRF726/01,"CRF726/01 ","BMC CRF LAMBORGHINI AVENTADOR 6.5 V12 LP 700-4 700 HP YEAR: 11 > 16 CRF REPLAC",778.99000,945.99000
"BMC Air Filters",BMCFB01002/20,"FB01002/20 ","BMC REPLACEMENT FILTER FORD ECOSPORT 1.0 ECOBOOST 125 12/17 >",78.99000,115.99000
"BMC Air Filters",BMCFB01017/01,"FB01017/01 ","BMC REPLACEMENT FILTER SUBARU BRZ 2.0 200 17 >",88.99000,129.99000
"BMC Air Filters",BMCFB01022,"FB01022 ","BMC REPLACEMENT FILTER MCLAREN 720 S 3.8 V8 [FULL KIT] 720 17 >",245.99000,359.99000
"BMC Air Filters",BMCFB01023,"FB01023 ","BMC REPLACEMENT FILTER BENTLEY BENTAYGA 4.0 V8 549 18 >",292.99000,428.99000
"BMC Air Filters",BMCFB01034,"FB01034 ","BMC REPLACEMENT FILTER BMW 5 (G30 G31 F90) M5 [FULL KIT] F90 600 17 >",186.99000,273.99000
"BMC Air Filters",BMCFB01045,"FB01045 ","BMC REPLACEMENT FILTER MERCEDES CLA (W118) CLA 250 224 19 >",85.99000,125.99000
"BMC Air Filters",BMCFB01054,"FB01054 ","BMC REPLACEMENT FILTER BMW 3 (G20) 320 D G20 190 19 >",92.99000,136.99000
"BMC Air Filters",BMCFB01060,"FB01060 ","BMC REPLACEMENT FILTER AUDI Q7 (4M) 2.0 TFSI 252 15 >",276.99000,404.99000
"BMC Air Filters",BMCFB01074,"FB01074 ","BMC REPLACEMENT FILTER HYUNDAI I30 + I30 CW (PD PDE) 2.0 TURBO N 250 17 >",92.99000,136.99000
"BMC Air Filters",BMCFB01075,"FB01075 ","BMC REPLACEMENT FILTER PORSCHE 911 (992) 3.0 H6 CARRERA 385 19 > 2 piece kit",198.99000,291.99000
"BMC Air Filters",BMCFB01080,"FB01080 ","BMC REPLACEMENT FILTER BENTLEY NEW CONTINENTAL 4.0 V8 GT 550 19 >",186.99000,273.99000
"BMC Air Filters",BMCFB01090,"FB01090 ","BMC REPLACEMENT FILTER BMW X3 F97 X4 F98",316.99000,463.99000
"BMC Air Filters",BMCFB01092,"FB01092 ","BMC REPLACEMENT FILTER AUDI A6 (4A/C8) 4.0 TFSI RS6 C8 600 19 >",163.99000,239.99000
"BMC Air Filters",BMCFB01098,"FB01098 ","BMC REPLACEMENT FILTER PORSCHE MACAN II 2.9/3.0 19>",175.99000,256.99000
"BMC Air Filters",BMCFB01103,"FB01103 ","BMC REPLACEMENT FILTER BMW X 5 (G05 F95) M [FULL KIT] F95 600 19 >",186.99000,273.99000
"BMC Air Filters",BMCFB01118,"FB01118 ","BMC REPLACEMENT FILTER BMW M3/M4 21>",186.99000,273.99000
"BMC Air Filters",BMCFB129/03,"FB129/03 ","BMC REPLACEMENT FILTER FERRARI 456 5.5 V12 GT [FULL KIT] 442 92 > 97",199.99000,292.99000
"BMC Air Filters",BMCFB136/04,"FB136/04 ","BMC REPLACEMENT FILTER PORSCHE 911 (993) 3.6 H6 CARRERA 272 94 > 95",99.99000,146.99000
"BMC Air Filters",BMCFB140/01,"FB140/01 ","BMC REPLACEMENT FILTER PORSCHE 986 2.5 H6 BOXSTER 204 96 > 99",92.99000,136.99000
"BMC Air Filters",BMCFB156/01,"FB156/01 ","BMC REPLACEMENT FILTER PORSCHE 911 (996) 3.4 H6 CARRERA 4 CABRIOLET 300 97 > 01",127.99000,185.99000
"BMC Air Filters",BMCFB195/01,"FB195/01 ","BMC REPLACEMENT FILTER PORSCHE 911 (996) 3.6 H6 GT2 462 01 > 03",127.99000,185.99000
"BMC Air Filters",BMCFB197/08,"FB197/08 ","BMC REPLACEMENT FILTER PORSCHE 911 (964) 3.6 H6 CARRERA 2 250 90 > 93",99.99000,146.99000
"BMC Air Filters",BMCFB208/03,"FB208/03 ","BMC REPLACEMENT FILTER FERRARI 360 3.6 V8 CHALLENGE [FULL KIT] 415 2000",199.99000,292.99000
"BMC Air Filters",BMCFB224/01,"FB224/01 ","BMC REPLACEMENT FILTER MERCEDES AMG 63",69.99000,101.99000
"BMC Air Filters",BMCFB238/01,"FB238/01 ","BMC REPLACEMENT FILTER FORD GALAXY I 1.9 TDI 90 96 > 05/00",77.99000,113.99000
"BMC Air Filters",BMCFB262/01,"FB262/01 ","BMC REPLACEMENT FILTER MERCEDES CL (C215) CL 500 [2 FILTERS REQUIRED] 306 99 > 0",75.99000,110.99000
"BMC Air Filters",BMCFB264/16,"FB264/16 ","BMC REPLACEMENT FILTER BMW 3 (E46) 330 D/XD/CD 3.0 E46 184 99 > 03",124.99000,182.99000
"BMC Air Filters",BMCFB279/01,"FB279/01 ","BMC REPLACEMENT FILTER AUDI A4 + CABRIOLET (8E/8H B6+B7) 1.6 B6 102 01 > 08",78.99000,115.99000
"BMC Air Filters",BMCFB286/08,"FB286/08 ","BMC REPLACEMENT FILTER PORSCHE 911 3.2 H6 CARRERA 231 84 > 89",99.99000,146.99000
"BMC Air Filters",BMCFB305/01,"FB305/01 ","BMC REPLACEMENT FILTER ASTON MARTIN DB11 4.0 V8 [2 FILTERS REQUIRED] 510 17 >",76.99000,111.99000
"BMC Air Filters",BMCFB335/01,"FB335/01 ","BMC REPLACEMENT FILTER AUDI Q7 (4L) 3.0 TFSI 4L 272 10 >",74.99000,108.99000
"BMC Air Filters",BMCFB347/03,"FB347/03 ","BMC REPLACEMENT FILTER FERRARI 575 SUPERAMERICA 5.7 V12 [2 FILTERS REQUIRED] 660",210.99000,308.99000
"BMC Air Filters",BMCFB380/08,"FB380/08 ","BMC REPLACEMENT FILTER DODGE VIPER (ZB I) 8.3 V10 SRT-10 CONVERTIBLE [2 FILTERS",198.99000,291.99000
"BMC Air Filters",BMCFB414/01,"FB414/01 ","BMC REPLACEMENT FILTER LAMBORGHINI COUNTACH 5.2 V12 LP5000S QUATTROVALVOLE K-JET",210.99000,308.99000
"BMC Air Filters",BMCFB416/16,"FB416/16 ","BMC REPLACEMENT FILTER PORSCHE 987 2.7 H6 BOXSTER 240 05 > 06",96.99000,141.99000
"BMC Air Filters",BMCFB444/01,"FB444/01 ","BMC REPLACEMENT FILTER AUDI A3 + CABRIOLET (8P) 1.6 TDI 8P 90 09 >",75.99000,110.99000
"BMC Air Filters",BMCFB447/01,"FB447/01 ","BMC REPLACEMENT FILTER BMW 5 (E60/E61) M5 [FULL KIT] E60/E61 507 04 > 10",175.99000,256.99000
"BMC Air Filters",BMCFB468/20,"FB468/20 ","BMC REPLACEMENT FILTER PORSCHE 911 (997) 3.8 H6 CARRERA 4S [FULL KIT] 355 04 > 0",175.99000,256.99000
"BMC Air Filters",BMCFB471/20,"FB471/20 ","BMC REPLACEMENT FILTER BENTLEY CONTINENTAL 6.0 V12 FLYING SPUR [FULL KIT] 560 05",234.99000,342.99000
"BMC Air Filters",BMCFB473/04,"FB473/04 ","BMC REPLACEMENT FILTER PORSCHE 911 (997) 3.6 H6 GT2 530 07 > 12",176.99000,258.99000
"BMC Air Filters",BMCFB486/20,"FB486/20 ","BMC REPLACEMENT FILTER MERCEDES CL (C215) CL 600 [2 FILTERS REQUIRED] C215 500 0",74.99000,108.99000
"BMC Air Filters",BMCFB487/20,"FB487/20 ","BMC REPLACEMENT FILTER FERRARI 599 6.0 V12 GTB FIORANO [2 FILTERS REQUIRED] 620",210.99000,308.99000
"BMC Air Filters",BMCFB494/20,"FB494/20 ","BMC REPLACEMENT FILTER BMW 1 (E81/E82/E87/E88) 135 I E82/E88 306 07 > 10",81.99000,118.99000
"BMC Air Filters",BMCFB521/20,"FB521/20 ","BMC REPLACEMENT FILTER MERCEDES CL (C216) CL 63 AMG [2 FILTERS REQUIRED] C216.37",76.99000,111.99000
"BMC Air Filters",BMCFB533/08-01,"FB533/08-01 ","BMC REPLACEMENT FILTER AUDI A4 (8K B8) 2.7 TDI 8K B8 163 07 > 12",98.99000,144.99000
"BMC Air Filters",BMCFB536/08,"FB536/08 ","BMC REPLACEMENT FILTER BMW 3 (E90/E91/E92/E93) M3 4.0 V8 E92 420 07 > 13",92.99000,136.99000
"BMC Air Filters",BMCFB543/08,"FB543/08 ","BMC REPLACEMENT FILTER ALFA ROMEO 4C 1750 TBI 240 13 >",81.99000,118.99000
"BMC Air Filters",BMCFB544/08,"FB544/08 ","BMC REPLACEMENT FILTER AUDI A8 (4E) 6.0 W12 [FULL KIT] 450 04 > 10",139.99000,204.99000
"BMC Air Filters",BMCFB545/20,"FB545/20 ","BMC REPLACEMENT FILTER AUDI A4 (8K B8) 1.8 TFSI 8K B8 120 08 >",81.99000,118.99000
"BMC Air Filters",BMCFB546/20,"FB546/20 ","BMC REPLACEMENT FILTER MASERATI GRANCABRIO 4.7 V8 440 10 > 11",104.99000,153.99000
"BMC Air Filters",BMCFB550/08,"FB550/08 ","BMC REPLACEMENT FILTER PORSCHE 911 (997.2) 3.6 H6 CARRERA 4 CABRIOLET [FULL KIT]",210.99000,308.99000
"BMC Air Filters",BMCFB562/08,"FB562/08 ","BMC REPLACEMENT FILTER AUDI A6 (4F/C6) 5.2 FSI V10 (S6) [FULL KIT] 435 06 > 11",186.99000,273.99000
"BMC Air Filters",BMCFB573/08,"FB573/08 ","BMC REPLACEMENT FILTER AUDI A6 (4F/C6) 2.4 V6 177 04 > 08",98.99000,144.99000
"BMC Air Filters",BMCFB577/08,"FB577/08 ","BMC REPLACEMENT FILTER BMW 3 (E90/E91/E92/E93) M3 4.0 V8 [USA] E90/E92/E93 420 0",104.99000,153.99000
"BMC Air Filters",BMCFB582/20,"FB582/20 ","BMC REPLACEMENT FILTER PORSCHE PANAMERA I (970) 3.0 V6 DIESEL 250 11 > 13",186.99000,273.99000
"BMC Air Filters",BMCFB584/20,"FB584/20 ","BMC REPLACEMENT FILTER BMW X 5 (E70) 30 SD E70 286 07 > 10",116.99000,170.99000
"BMC Air Filters",BMCFB590/08,"FB590/08 ","BMC REPLACEMENT FILTER ASTON MARTIN DB9 5.9 V12 [FULL KIT] 456 04 > 08",234.99000,342.99000
"BMC Air Filters",BMCFB593/04,"FB593/04 ","BMC REPLACEMENT FILTER PORSCHE 911 (997.2) 3.6 H6 TURBO 500 10 > 13",186.99000,273.99000
"BMC Air Filters",BMCFB614/01,"FB614/01 ","BMC REPLACEMENT FILTER FERRARI 458 4.5 V8 CHALLENGE 570 10 > 15",210.99000,308.99000
"BMC Air Filters",BMCFB630/20,"FB630/20 ","BMC REPLACEMENT FILTER BMW 1 (E81/E82/E87/E88) 135 I E82/E88 306 10 >",92.99000,136.99000
"BMC Air Filters",BMCFB647/20,"FB647/20 ","BMC REPLACEMENT FILTER BMW 2 (F22 F23 F87) M2 COMPETITION [FULL KIT] F87 410 1",175.99000,256.99000
"BMC Air Filters",BMCFB651/20,"FB651/20 ","BMC REPLACEMENT FILTER BMW 5 (F10/F11/F18) 5 ACTIVE HYBRID F10/F11 340 11>",88.99000,129.99000
"BMC Air Filters",BMCFB654/20,"FB654/20 ","BMC REPLACEMENT FILTER BMW X 5 (E70) M 4.4 V8 [FULL KIT] E70 555 09 >",135.99000,198.99000
"BMC Air Filters",BMCFB709/01,"FB709/01 ","BMC REPLACEMENT FILTER PORSCHE 911 (991) 3.4 H6 CARRERA [FULL KIT] 350 11 > 15",175.99000,256.99000
"BMC Air Filters",BMCFB730/20,"FB730/20 ","BMC REPLACEMENT FILTER BMW 1 (E81/E82/E87/E88) 125 I [USA] E82/E88 218 08 >",92.99000,136.99000
"BMC Air Filters",BMCFB734/20,"FB734/20 ","BMC REPLACEMENT FILTER ABARTH 500 1.4 16V 1.4 16V TURBO T-JET [AMERICAN MARKET]",81.99000,118.99000
"BMC Air Filters",BMCFB740/20,"FB740/20 ","BMC REPLACEMENT FILTER BMW 1 (F20/F21) M 135I F20/F21 320 12 >",88.99000,129.99000
"BMC Air Filters",BMCFB748/20,"FB748/20 ","BMC REPLACEMENT FILTER LAND ROVER DISCOVERY 4 / LR4 3.0 [2 FILTERS REQUIRED] 340",87.99000,127.99000
"BMC Air Filters",BMCFB750/04,"FB750/04 ","BMC REPLACEMENT FILTER PORSCHE 718 (981) 2.7 H6 BOXSTER [FULL KIT] 265 12 > 16",186.99000,273.99000
"BMC Air Filters",BMCFB756/20,"FB756/20 ","BMC REPLACEMENT FILTER VW GOLF VII TFSI 2.0 GB 200 18 >",81.99000,118.99000
"BMC Air Filters",BMCFB766/01,"FB766/01 ","BMC REPLACEMENT FILTER PORSCHE 944 2.5 I4 TURBO (951) 220 85 > 88",92.99000,136.99000
"BMC Air Filters",BMCFB769/08,"FB769/08 ","BMC REPLACEMENT FILTER AUDI A7 (4GA/4GF) 4.0 TFSI RS7 4GA 560 13 >",98.99000,144.99000
"BMC Air Filters",BMCFB789/04,"FB789/04 ","BMC REPLACEMENT FILTER MASERATI GHIBLI 3.0 V6 [FULL KIT] 330 13 > 16",222.99000,325.99000
"BMC Air Filters",BMCFB798/20,"FB798/20 ","BMC REPLACEMENT FILTER PORSCHE 911 (991) 3.8 H6 911 TURBO 520 13 > 16",186.99000,273.99000
"BMC Air Filters",BMCFB810/20,"FB810/20 ","BMC REPLACEMENT FILTER JAGUAR F-TYPE 3.0 V6 [FULL KIT] 340 13 >",175.99000,256.99000
"BMC Air Filters",BMCFB819/04,"FB819/04 ","BMC REPLACEMENT FILTER MERCEDES CLA (C117/X117) CLA 45 AMG 360 13 >",128.99000,187.99000
"BMC Air Filters",BMCFB821/04,"FB821/04 ","BMC REPLACEMENT FILTER BMW 3 (F30/F31/F80) 330 D 258 12 >",128.99000,187.99000
"BMC Air Filters",BMCFB833/20,"FB833/20 ","BMC REPLACEMENT FILTER MERCEDES CLASS C (W205/A205/C205/S205) C 400 [2 FILTERS R",87.99000,127.99000
"BMC Air Filters",BMCFB838/01,"FB838/01 ","BMC REPLACEMENT FILTER MERCEDES CLASS C (W205/A205/C205/S205) C 160 205 129 15 >",87.99000,127.99000
"BMC Air Filters",BMCFB845/20,"FB845/20 ","BMC REPLACEMENT FILTER MERCEDES CLASS C (W205/A205/C205/S205) C 63 AMG [FULL KIT",204.99000,299.99000
"BMC Air Filters",BMCFB848/20,"FB848/20 ","BMC REPLACEMENT FILTER BENTLEY CONTINENTAL 4.0 V8 FLYING SPUR [FULL KIT] 507 14",222.99000,325.99000
"BMC Air Filters",BMCFB866/04,"FB866/04 ","BMC REPLACEMENT FILTER BMW X 5 (F15 F85) 50 IX (FULL KIT) F15 450 13 >",222.99000,325.99000
"BMC Air Filters",BMCFB867/04,"FB867/04 ","BMC REPLACEMENT FILTER PORSCHE MACAN 2.0 I4 237 14 >",139.99000,204.99000
"BMC Air Filters",BMCFB870/20,"FB870/20 ","BMC REPLACEMENT FILTER MERCEDES AMG GT (C190 R190) 4.0 V8 [2 FILTERS REQUIRED]",87.99000,127.99000
"BMC Air Filters",BMCFB887/20,"FB887/20 ","BMC REPLACEMENT FILTER AUDI A3 + CABRIOLET (8VA/8VS/8V7) 2.5 TFSI RS3 8V 367 15",92.99000,136.99000
"BMC Air Filters",BMCFB895/01,"FB895/01 ","BMC REPLACEMENT FILTER FERRARI 488 3.9 V8 CHALLENGE 670 17 >",210.99000,308.99000
"BMC Air Filters",BMCFB907/04,"FB907/04 ","BMC REPLACEMENT FILTER PORSCHE 911 (991.2) 3.0 H6 CARRERA 370 16 >",351.99000,514.99000
"BMC Air Filters",BMCFB919/20,"FB919/20 ","BMC REPLACEMENT FILTER DODGE VIPER (VX I) 8.4 V10 SRT [2 FILTERS REQUIRED] 649 1",98.99000,144.99000
"BMC Air Filters",BMCFB920/20,"FB920/20 ","BMC REPLACEMENT FILTER JAGUAR E-PACE (X540) 2.0 AWD X540 200 18 >",81.99000,118.99000
"BMC Air Filters",BMCFB926/20,"FB926/20 ","BMC REPLACEMENT FILTER PORSCHE 718 (982) 2.0 F4 BOXSTER 300 16 >",92.99000,136.99000
"BMC Air Filters",BMCFB928/20,"FB928/20 ","BMC REPLACEMENT FILTER BMW 1 (F20/F21) 120 I F20 / F21 184 16 >",90.99000,132.99000
"BMC Air Filters",BMCFB929/20,"FB929/20 ","BMC REPLACEMENT FILTER BMW 5 (G30 G31 F90) 520 D G30 G31 F90 163 17 >",98.99000,144.99000
"BMC Air Filters",BMCFB930/01,"FB930/01 ","BMC REPLACEMENT FILTER BMW 5 (G30 G31 F90) M 550 I [FULL KIT] G30 462 17 >",198.99000,291.99000
"BMC Air Filters",BMCFB939/20,"FB939/20 ","BMC REPLACEMENT FILTER ALFA ROMEO GIULIA (952) 2.0 TURBO 952 200 16 >",84.99000,123.99000
"BMC Air Filters",BMCFB940/01,"FB940/01 ","BMC REPLACEMENT FILTER ALFA ROMEO GIULIA (952) 2.9 V6 BI-TURBO 952 510 16 >",87.99000,127.99000
"BMC Air Filters",BMCFB960/04,"FB960/04 ","BMC REPLACEMENT FILTER AUDI A4/S4/A5/S5/RS5/ (8W) 1.4 TFSI/2.0//3.0TT",89.99000,130.99000
"BMC Air Filters",BMCFB981/20,"FB981/20 ","BMC REPLACEMENT FILTER MERCEDES AMG GT (X290) 63 4MATIC+ (FULL KIT) 585 18 >",210.99000,308.99000
"BMC Air Filters",BMCFB986/20,"FB986/20 ","BMC REPLACEMENT FILTER PORSCHE PANAMERA II (971) 2.9 V6 4 E-HYBRID 462 16 >",186.99000,273.99000
"BMC Air Filters",BMCFB994/01,"FB994/01 ","BMC REPLACEMENT FILTER ACURA ILX 2.4 201 12 > 15",95.99000,139.99000
"BMC Air Filters",BMCFM01001/04,"FM01001/04 ","BMC REPLACEMENT FILTER TRIUMPH STREET TRIPLE 765 R 17>",82.99000,120.99000
"BMC Air Filters",BMCFM01004,"FM01004 ","BMC REPLACEMENT FILTER BMW F 750 GS 18>19",76.99000,111.99000
"BMC Air Filters",BMCFM01010/04,"FM01010/04 ","BMC REPLACEMENT FILTER KAWASAKI NINJA 250 18>",78.99000,115.99000
"BMC Air Filters",BMCFM01026,"FM01026 ","BMC REPLACEMENT FILTER KTM 790 DUKE 18>",83.99000,122.99000
"BMC Air Filters",BMCFM01026RACE,"FM01026RACE ","BMC REPLACEMENT FILTER KTM 790 DUKE 18>",89.99000,130.99000
"BMC Air Filters",BMCFM01032,"FM01032 ","BMC REPLACEMENT FILTER HONDA CB 1000 R 18>",92.99000,136.99000
"BMC Air Filters",BMCFM01043,"FM01043 ","BMC REPLACEMENT FILTER HONDA CB 125 R 18>",78.99000,115.99000
"BMC Air Filters",BMCFM01056,"FM01056 ","BMC REPLACEMENT FILTER HONDA Z 125 MONKEY 18>",69.99000,101.99000
"BMC Air Filters",BMCFM01064,"FM01064 ","BMC REPLACEMENT FILTER BMW S 1000 RR 19>",87.99000,127.99000
"BMC Air Filters",BMCFM01064RACE,"FM01064RACE ","BMC REPLACEMENT FILTER BMW S 1000 RR 19>",92.99000,136.99000
"BMC Air Filters",BMCFM01067,"FM01067 ","BMC REPLACEMENT FILTER INDIAN SCOUT 1200 15>",151.99000,222.99000
"BMC Air Filters",BMCFM01069,"FM01069 ","BMC REPLACEMENT FILTER HONDA CB 650 R 19>",88.99000,129.99000
"BMC Air Filters",BMCFM01069RACE,"FM01069RACE ","BMC REPLACEMENT FILTER HONDA CB 650 R 19>",92.99000,136.99000
"BMC Air Filters",BMCFM01084,"FM01084 ","BMC REPLACEMENT FILTER HARLEY DAVIDSON TOURING FHLT 18+",101.99000,148.99000
"BMC Air Filters",BMCFM01097RACE,"FM01097RACE ","BMC REPLACEMENT FILTER HONDA CBR 1000 RR-R 20> 91",107.99000,156.99000
"BMC Air Filters",BMCFM01100,"FM01100 ","BMC REPLACEMENT FILTER KTM 1290 SUPER DUKE R 20> 79",92.99000,136.99000
"BMC Air Filters",BMCFM01100RACE,"FM01100RACE ","BMC REPLACEMENT FILTER KTM 1290 SUPER DUKE R 20> 84",98.99000,144.99000
"BMC Air Filters",BMCFM01101,"FM01101 ","BMC REPLACEMENT FILTER TRIUMPH TIGER 900 20> 73",85.99000,125.99000
"BMC Air Filters",BMCFM01124,"FM01124 ","BMC REPLACEMENT FILTER TRIUMPH TRIDENT 660 21> 72",84.99000,123.99000
"BMC Air Filters",BMCFM202/09,"FM202/09 ","BMC REPLACEMENT FILTER YAMAHA YZF-R6 600 99>05",87.99000,127.99000
"BMC Air Filters",BMCFM202/09RACE,"FM202/09RACE ","BMC REPLACEMENT FILTER YAMAHA YZF-R6 600 99>05",92.99000,136.99000
"BMC Air Filters",BMCFM324/19,"FM324/19 ","BMC REPLACEMENT FILTER DUCATI 748 / BIPOSTO 95>02",234.99000,342.99000
"BMC Air Filters",BMCFM336/04-02,"FM336/04-02 ","1BMC REPLACEMENT FILTER HONDA CBR 600 RR 03>06",88.99000,129.99000
"BMC Air Filters",BMCFM346/10,"FM346/10 ","BMC REPLACEMENT FILTER KAWASAKI Z 750 04>12",72.99000,106.99000
"BMC Air Filters",BMCFM354/04-02,"FM354/04-02 ","BMC REPLACEMENT FILTER SUZUKI GSX R 600 04>05",81.99000,118.99000
"BMC Air Filters",BMCFM373/01,"FM373/01 ","BMC REPLACEMENT FILTER APRILIA RSV 1000 R 04>09",72.99000,106.99000
"BMC Air Filters",BMCFM374/16RACE,"FM374/16RACE ","BMC REPLACEMENT FILTER HONDA CBR 1000 RR 04>05",139.99000,204.99000
"BMC Air Filters",BMCFM397/01,"FM397/01 ","BMC REPLACEMENT FILTER BMW F 800 GT 13>16",61.99000,89.99000
"BMC Air Filters",BMCFM438/04,"FM438/04 ","BMC REPLACEMENT FILTER KAWASAKI ER-6F 650 06>08",82.99000,120.99000
"BMC Air Filters",BMCFM440/04,"FM440/04 ","BMC REPLACEMENT FILTER SUZUKI GSX R 600 06>10",82.99000,120.99000
"BMC Air Filters",BMCFM452/08,"FM452/08 ","BMC REPLACEMENT FILTER DUCATI HYPERMOTARD 796 09>12",76.99000,111.99000
"BMC Air Filters",BMCFM452/08RACE,"FM452/08RACE ","BMC REPLACEMENT FILTER DUCATI HYPERMOTARD 796 09>12",82.99000,120.99000
"BMC Air Filters",BMCFM478/04,"FM478/04 ","BMC REPLACEMENT FILTER HONDA CBR 600 RR 07>08",88.99000,129.99000
"BMC Air Filters",BMCFM478/04RACE,"FM478/04RACE ","BMC REPLACEMENT FILTER HONDA CBR 600 RR 07>08",94.99000,137.99000
"BMC Air Filters",BMCFM482/08,"FM482/08 ","BMC REPLACEMENT FILTER DUCATI 848 / S 08>12",82.99000,120.99000
"BMC Air Filters",BMCFM482/08RACE,"FM482/08RACE ","BMC REPLACEMENT FILTER DUCATI 848 / S 08>12",88.99000,129.99000
"BMC Air Filters",BMCFM515/04RACE,"FM515/04RACE ","BMC REPLACEMENT FILTER YAMAHA YZF-R6 600 WITH AIR FLOW RESTRICTOR 08>09",105.99000,154.99000
"BMC Air Filters",BMCFM515/04TRACK,"FM515/04TRACK ","BMC REPLACEMENT FILTER YAMAHA YZF-R6 600 WITHOUT AIR FLOW RESTRICTOR ONLY TRACK",88.99000,129.99000
"BMC Air Filters",BMCFM527/04,"FM527/04 ","BMC REPLACEMENT FILTER HONDA CBR 1000 RR 08>11",88.99000,129.99000
"BMC Air Filters",BMCFM527/04RACE,"FM527/04RACE ","BMC REPLACEMENT FILTER HONDA CBR 1000 RR 08>11",94.99000,137.99000
"BMC Air Filters",BMCFM528/20-01,"FM528/20-01 ","BMC REPLACEMENT FILTER YAMAHA MT-03 321 16>",69.99000,101.99000
"BMC Air Filters",BMCFM528/20-01RACE,"FM528/20-01RACE ","BMC REPLACEMENT FILTER YAMAHA MT-03 321 16>",75.99000,110.99000
"BMC Air Filters",BMCFM529/04,"FM529/04 ","BMC REPLACEMENT FILTER SUZUKI HAYABUSA 1300 R 08>17",88.99000,129.99000
"BMC Air Filters",BMCFM529/04RACE,"FM529/04RACE ","BMC REPLACEMENT FILTER SUZUKI HAYABUSA 1300 R 08>17",94.99000,137.99000
"BMC Air Filters",BMCFM541/20,"FM541/20 ","BMC REPLACEMENT FILTER KTM 690 DUKE 08>18",82.99000,120.99000
"BMC Air Filters",BMCFM553/04RACE,"FM553/04RACE ","BMC REPLACEMENT FILTER YAMAHA YZF-R1 1000 09>14",88.99000,129.99000
"BMC Air Filters",BMCFM554/04,"FM554/04 ","BMC REPLACEMENT FILTER KAWASAKI ZX-6R 600 09>",82.99000,120.99000
"BMC Air Filters",BMCFM554/04RACE,"FM554/04RACE ","BMC REPLACEMENT FILTER KAWASAKI ZX-6R 600 09>",88.99000,129.99000
"BMC Air Filters",BMCFM556/20RACE,"FM556/20RACE ","BMC REPLACEMENT FILTER BMW S 1000 R 14>16",88.99000,129.99000
"BMC Air Filters",BMCFM557/04,"FM557/04 ","BMC REPLACEMENT FILTER SUZUKI GSX R 1000 09>16",82.99000,120.99000
"BMC Air Filters",BMCFM557/04RACE,"FM557/04RACE ","BMC REPLACEMENT FILTER SUZUKI GSX R 1000 09>16",88.99000,129.99000
"BMC Air Filters",BMCFM583/01,"FM583/01 ","BMC REPLACEMENT FILTER BMW F 650 GS 08>15",61.99000,89.99000
"BMC Air Filters",BMCFM595/04RACE,"FM595/04RACE ","BMC REPLACEMENT FILTER YAMAHA YZF-R6 600 WITH AIR FLOW RESTRICTOR 17>",105.99000,154.99000
"BMC Air Filters",BMCFM599/04,"FM599/04 ","BMC REPLACEMENT FILTER KAWASAKI ZX-10R 1000 11>15",82.99000,120.99000
"BMC Air Filters",BMCFM599/04RACE,"FM599/04RACE ","BMC REPLACEMENT FILTER KAWASAKI ZX-10R 1000 11>15",88.99000,129.99000
"BMC Air Filters",BMCFM628/04,"FM628/04 ","BMC REPLACEMENT FILTER SUZUKI GSX R 600 11>",82.99000,120.99000
"BMC Air Filters",BMCFM628/04RACE,"FM628/04RACE ","BMC REPLACEMENT FILTER SUZUKI GSX R 600 11>",88.99000,129.99000
"BMC Air Filters",BMCFM632/04,"FM632/04 ","BMC REPLACEMENT FILTER TRIUMPH TIGER 800 XCA / XCX / XR / XRX / XRT 15>",82.99000,120.99000
"BMC Air Filters",BMCFM679/20,"FM679/20 ","BMC REPLACEMENT FILTER BMW K 1600 GRAN AMERICA 18>",82.99000,120.99000
"BMC Air Filters",BMCFM716/20,"FM716/20 ","BMC REPLACEMENT FILTER DUCATI MULTISTRADA 937 17>18",87.99000,127.99000
"BMC Air Filters",BMCFM716/20RACE,"FM716/20RACE ","BMC REPLACEMENT FILTER DUCATI MULTISTRADA 937 17>18",92.99000,136.99000
"BMC Air Filters",BMCFM727/04,"FM727/04 ","BMC REPLACEMENT FILTER KAWASAKI ZX-14R 1400 12>",82.99000,120.99000
"BMC Air Filters",BMCFM727/04RACE,"FM727/04RACE ","BMC REPLACEMENT FILTER KAWASAKI ZX-14R 1400 12>",88.99000,129.99000
"BMC Air Filters",BMCFM733/20,"FM733/20 ","BMC REPLACEMENT FILTER KTM 125 DUKE 11>16",63.99000,92.99000
"BMC Air Filters",BMCFM733/20RACE,"FM733/20RACE ","BMC REPLACEMENT FILTER KTM 125 DUKE 11>16",69.99000,101.99000
"BMC Air Filters",BMCFM736/01,"FM736/01 ","BMC REPLACEMENT FILTER APRILIA RS4 50 11>19",63.99000,92.99000
"BMC Air Filters",BMCFM764/20,"FM764/20 ","BMC REPLACEMENT FILTER BMW R 1200 GS 13>18",76.99000,111.99000
"BMC Air Filters",BMCFM787/01,"FM787/01 ","BMC REPLACEMENT FILTER YAMAHA MT-09 / FZ-09 850 14>",81.99000,118.99000
"BMC Air Filters",BMCFM787/01RACE,"FM787/01RACE ","BMC REPLACEMENT FILTER YAMAHA MT-09 / FZ-09 850 14>",87.99000,127.99000
"BMC Air Filters",BMCFM788/04,"FM788/04 ","BMC REPLACEMENT FILTER HONDA GROM 125 13>18",63.99000,92.99000
"BMC Air Filters",BMCFM796/20,"FM796/20 ","BMC REPLACEMENT FILTER HUSQVARNA SVARTPILEN 701 19>",87.99000,127.99000
"BMC Air Filters",BMCFM817/04,"FM817/04 ","BMC REPLACEMENT FILTER YAMAHA MT-07 / FZ-07 700 14>",78.99000,115.99000
"BMC Air Filters",BMCFM856/04,"FM856/04 ","BMC REPLACEMENT FILTER YAMAHA MT-10 1000 16>",92.99000,136.99000
"BMC Air Filters",BMCFM856/04RACE,"FM856/04RACE ","BMC REPLACEMENT FILTER YAMAHA MT-10 1000 16>",98.99000,144.99000
"BMC Air Filters",BMCFM889/04,"FM889/04 ","BMC REPLACEMENT FILTER KAWASAKI KLE VERSYS 650 15>",82.99000,120.99000
"BMC Air Filters",BMCFM889/04RACE,"FM889/04RACE ","BMC REPLACEMENT FILTER KAWASAKI KLE VERSYS 650 15>",88.99000,129.99000
"BMC Air Filters",BMCFM900/01RACE,"FM900/01RACE ","BMC REPLACEMENT FILTER APRILIA RSV4 1100 FACTORY 19>",97.99000,142.99000
"BMC Air Filters",BMCFM903/04,"FM903/04 ","BMC REPLACEMENT FILTER KAWASAKI ZX-10R 1000 16 >",92.99000,136.99000
"BMC Air Filters",BMCFM903/04RACE,"FM903/04RACE ","BMC REPLACEMENT FILTER KAWASAKI ZX-10R 1000 17>",98.99000,144.99000
"BMC Air Filters",BMCFM916/20,"FM916/20 ","BMC REPLACEMENT FILTER TRIUMPH BONNEVILLE 900 T100 17>",76.99000,111.99000
"BMC Air Filters",BMCFM943/04,"FM943/04 ","BMC REPLACEMENT FILTER KAWASAKI Z 125 PRO 17>18",69.99000,101.99000
"BMC Air Filters",BMCFM951/04,"FM951/04 ","BMC REPLACEMENT FILTER SUZUKI GSX R 1000 17>",92.99000,136.99000
"BMC Air Filters",BMCFM951/04RACE,"FM951/04RACE ","BMC REPLACEMENT FILTER SUZUKI GSX R 1000 17>",98.99000,144.99000
"BMC Air Filters",BMCFM988/04,"FM988/04 ","BMC REPLACEMENT FILTER KAWASAKI Z 900 17>",85.99000,125.99000
"BMC Air Filters",BMCFM993/20,"FM993/20 ","BMC REPLACEMENT FILTER BMW G 310 GS 16>18",63.99000,92.99000
"BMC Air Filters",BMCFM995/04,"FM995/04 ","BMC REPLACEMENT FILTER HUSQVARNA SVARTPILEN 401 18>",75.99000,110.99000
"BMC Air Filters",BMCWA250-500,"WA250-500 ","BMC REPLACEMENT FILTER KIT PULIZIA COMPLETO (DET. + FLACONE) / COMPLETE WASHING",16.99000,24.99000
"BorgWarner Turbo",12749880058,"12749880058 ","Borg Warner Turbocharge B2G IDS",1415.77596,1665.61886
"BorgWarner Turbo",13009097048,"13009097048 ","Borg Warner 66mm (91/80) Cartridge S300SX-E",511.97447,511.97447
"BorgWarner Turbo",171698,"171698 ","Borg Warner 1.32 A/R-T6 (96mm) Turbine Housing S400SX",254.06112,362.73721
"BorgWarner Turbo",177105,"177105 ","Borg Warner S400 SX Turbine Housing",160.62987,229.34026
"BorgWarner Turbo",177194,"177194 ","Borg Warner S200 SX Turbine Housing",146.63073,209.35286
"BorgWarner Turbo",177267,"177267 ","Borg Warner S200 SX Turbocharger",527.32514,527.32514
"BorgWarner Turbo",178787,"178787 ","Borg Warner .90 A/R-T4 VTF (87mm) SX Turbine Housing S400SX",163.20155,233.01195
"BorgWarner Turbo",179179,"179179 ","Borg Warner 80mm (110/87) SX Super Core S400SX",1601.63332,2286.74090
"BorgWarner Turbo",179286,"179286 ","Borg Warner Medium Boost use with 64mm-80mm TW .83 EFR Actuator",55.04127,78.58556
"BorgWarner Turbo",179356,"179356 ","Borg Warner B2 9180 EFR Super Core (NEW)",1875.07442,2677.14792
"BorgWarner Turbo",179423,"179423 ","Borg Warner Hardware/ Installation Kit EFR Hardware/ Installation Kit",91.56900,130.73825
"BorgWarner Turbo",179430,"179430 ","Borg Warner Speed Sensor Kit EFR Speed Sensor Kit",136.50142,194.89068
"BorgWarner Turbo",59001095225,"59001095225 ","Borg Warner Turbine outlet v-band EFR Turbine outlet v-band goes with (489630)",53.14905,75.88386
"BorgWarner Turbo",59001107255,"59001107255 ","Borg Warner Low Boost for use with ""A and ""F Type TH Actuator Super Short ca",55.04127,78.58556
"BorgWarner Turbo",59001107261,"59001107261 ","Borg Warner High Boost for use with ""A and ""F Type TH Actuator Super Short c",55.04127,78.58556
"BorgWarner Turbo",59001107262,"59001107262 ","Borg Warner Medium Boost for use with ""A and ""F Type TH Actuator Super Short",55.04127,78.58556
"BorgWarner Turbo",BORG12701008014,"12701008014 ","Borg Warner B2 70mm .83 T3 Single Scroll WG Assy EFR Turbine Housing",648.91416,924.76061
"BorgWarner Turbo",BORG12769097001,"12769097001 ","Borg Warner B2 7670 (Aluminum B. Hsg) SuperCore Assembly",1995.02360,2842.92992
"BorgWarner Turbo",BORG12801019001,"12801019001 ","Borg Warner B2 80mm 1.05 T4 Twin Scroll EFR Turbine Housing",710.04683,875.68227
"BorgWarner Turbo",BORG13009095091,"13009095091 ","Borg Warner 72mm 9180 SuperCore S300SX-E",1053.01061,1500.62597
"BorgWarner Turbo",BORG13009097046,"13009097046 ","Borg Warner 63mm (87/80) Cartridge S300SX-E",729.69093,1039.87203
"BorgWarner Turbo",BORG13009097051,"13009097051 ","Borg Warner S300SX-E 9180 SuperCore Assembly",1002.85864,1429.15037
"BorgWarner Turbo",BORG13009097053,"13009097053 ","Borg Warner S300SX-E 8380 SuperCore Assembly",903.01179,1286.86888
"BorgWarner Turbo",BORG13009097055,"13009097055 ","Borg Warner S300SX-E 8780 SuperCore Assembly",935.68818,1333.43856
"BorgWarner Turbo",BORG13009097056,"13009097056 ","Borg Warner S300SX-E 8376 SuperCore Assembly",921.07203,1312.60392
"BorgWarner Turbo",BORG14009097008,"14009097008 ","Borg Warner 88mm (110/96) Supercore S400SX-E",2861.77675,4066.78464
"BorgWarner Turbo",BORG14009097010,"14009097010 ","Borg Warner 80mm (110/96) Supercore S400SX-E",2139.61179,3036.60707
"BorgWarner Turbo",BORG14009097014,"14009097014 ","Borg Warner 76mm (100/87) Supercore S400SX-E",1840.76219,2610.71928
"BorgWarner Turbo",BORG169012,"169012 ","Borg Warner S400 SX Turbocharger",1187.36653,2043.17307
"BorgWarner Turbo",BORG171698,"171698 ","Borg Warner 1.32 A/R-T6 (96mm) Turbine Housing S400SX",379.99383,659.41268
"BorgWarner Turbo",BORG171702,"171702 ","Borg Warner S400 SX Turbocharger",1106.16922,1902.26422
"BorgWarner Turbo",BORG177191,"177191 ","Borg Warner S200 SX Turbine Housing",210.87000,365.92268
"BorgWarner Turbo",BORG177207,"177207 ","Borg Warner S300 SX Turbine Housing",228.16038,395.93422
"BorgWarner Turbo",BORG177208,"177208 ","Borg Warner S300 SX Turbine Housing",231.49383,401.70807
"BorgWarner Turbo",BORG177210,"177210 ","Borg Warner S300 SX Turbine Housing",229.25076,397.82422
"BorgWarner Turbo",BORG177211,"177211 ","Borg Warner S300 SX Turbine Housing",229.25076,397.82422
"BorgWarner Turbo",BORG177257,"177257 ","Borg Warner S200 SX Turbocharger",884.97691,1535.72883
"BorgWarner Turbo",BORG177281,"177281 ","Borg Warner S300 SX Turbocharger",1041.24460,1806.89191
"BorgWarner Turbo",BORG178313,"178313 ","Borg Warner Turbine Housing S300",225.55383,391.41691
"BorgWarner Turbo",BORG178855,"178855 ","Borg Warner 67.7mm (91/83) SX Turbo S400SX",1575.73699,2233.03818
"BorgWarner Turbo",BORG179162,"179162 ","Borg Warner 1.45 A/R-T6 VOF (110mm) SX Turbine Housing S500SX",545.21928,776.98344
"BorgWarner Turbo",BORG179172,"179172 ","Borg Warner 71mm (100/83) SX Super Core S400SX",1344.48306,1911.30235
"BorgWarner Turbo",BORG179182,"179182 ","Borg Warner 82mm (110/87) SX Turbo S400SX",1978.26021,2819.18266
"BorgWarner Turbo",BORG179284,"179284 ","Borg Warner High Boost use with 55mm and 58mm TW .64 EFR Actuator",65.39525,93.19250
"BorgWarner Turbo",BORG179285,"179285 ","Borg Warner Low Boost use with 64mm-80mm TW .83 EFR Actuator",65.39525,93.19250
"BorgWarner Turbo",BORG179286,"179286 ","Borg Warner Medium Boost use with 64mm-80mm TW .83 EFR Actuator",65.39525,93.19250
"BorgWarner Turbo",BORG179287,"179287 ","Borg Warner High Boost use with 64mm-80mm TW .83 EFR Actuator",65.39525,93.19250
"BorgWarner Turbo",BORG179424,"179424 ","Borg Warner EFR Compressor Recirculation Valve (CRV) Kit",96.93424,138.13581
"BorgWarner Turbo",BORG179425,"179425 ","Borg Warner EFR Boost Control Solenoid Valve (BCSV) Kit",141.63306,201.69211
"BorgWarner Turbo",BORG179429,"179429 ","Borg Warner 83mm and 91mm CW EFR Actuator Bracket Kit",63.39683,90.34368
"BorgWarner Turbo",BORG179430,"179430 ","Borg Warner Speed Sensor Kit EFR Speed Sensor Kit",162.20195,231.14762
"BorgWarner Turbo",BORG179905,"179905 ","Borg Warner S300 SX Turbine Housing",193.17754,275.29368
"BorgWarner Turbo",BORG198382,"198382 ","Borg Warner 55 V-Band Clamp",60.33460,104.69768
"BorgWarner Turbo",BORG53049880022,"53049880022 ","Borg Warner Turbocharger K04",1695.90115,2942.93768
"BorgWarner Turbo",BORG53049880064,"53049880064 ","Borg Warner K04 SX Turbocharger Audi/VW",1905.15115,3306.04615
"BorgWarner Turbo",BORG53049887500,"53049887500 ","Borg Warner K04 Turbocharger replaces 5304 988 0015",1625.06768,2423.95615
"BorgWarner Turbo",BORG53049887501,"53049887501 ","Borg Warner K04 Turbocharger replaces 5304 950 0001",1806.81922,2719.56460
"BorgWarner Turbo",BORG53049980301,"53049980301 ","Borg Warner Turbocharger Porsch 997",3829.83247,7505.44363
"BorgWarner Turbo",BORG53049980302,"53049980302 ","Borg Warner Turbocharger Porsche 997",3834.98845,7514.40114
"BorgWarner Turbo",BORG59001095205,"59001095205 ","Borg Warner V-Clamp Assembly",22.14000,38.42307
"BorgWarner Turbo",BORG59007119005,"59007119005 ","Borg Warner TH Clamp Kit for EFR with Aluminum BH Clamp Kit Turbine Housing",147.87282,210.72754
"BorgWarner Turbo",BORG59007119007,"59007119007 ","Borg Warner For use with ""Super Short"" WG Canisters WG Bracket Kit",66.06496,94.14920
"Cometic Gaskets",3158V,"3158V ","VITON METAL JACKET 6 X 10.7 X 11.5 X 13.8",2.11533,2.11533
"Cometic Gaskets",3175V,"3175V ","5.5mmX9.5mmX11.4mmX12.75mm Viton",2.11533,3.17832
"Cometic Gaskets",3225V,"3225V ","Metal Jacket Valve Stem Seal-Single Part",2.11533,3.17832
"Cometic Gaskets",C4168-030,"C4168-030 ","GASKET HEAD HONDA CRX CIVIC INTG VTEC 82MM .030"" MLS ",105.22557,138.17832
"Cometic Gaskets",C4177-030,"C4177-030 ","GASKET EXHAUST NISSAN RB20/25 .030 MLS 1.575 X 1.340",30.81613,40.38306
"Cometic Gaskets",C4178-040,"C4178-040 ","GASKET HEAD NIS SUNNY PULSAR 77MM .040"" MLS",105.22557,138.17832
"Cometic Gaskets",C4188-040,"C4188-040 ","GASKET HEAD HONDA CRX CIVIC INTG-VTEC 84MM .040"" MLS",105.22557,138.17832
"Cometic Gaskets",C4188-120,"C4188-120 ","GASKET HEAD HONDA CRX CIVIC INTG-VTEC 84MM .120"" MLS",243.41456,321.01298
"Cometic Gaskets",C4191-030,"C4191-030 ","GASKET HEAD HONDA HYBRID LS/VTEC 82MM '90+ B18 W/VTEC .030"" MLS",105.22557,138.17832
"Cometic Gaskets",C4191-060,"C4191-060 ","GASKET HEAD HONDA HYBRID LS/VTEC 82MM .060""MLS-5 '90+ B18 W/ VTEC",133.92637,177.50904
"Cometic Gaskets",C4193-040,"C4193-040 ","GASKET HEAD HONDA HYBRID LS/VTEC 84MM .040""MLS B18A/B W/VTEC",105.22557,138.17832
"Cometic Gaskets",C4211-030,"C4211-030 ","GASKET HEAD LEXUS /TOY LX-470/TUNDRA HEAD .030"" MLS 98MM RIGHT SIDE",109.47754,145.61928
"Cometic Gaskets",C4231-030,"C4231-030 ","GASKET HEAD HONDA CRX CIVIC INTG-VTEC 81MM .030"" MLS ",105.22557,138.17832
"Cometic Gaskets",C4232-030,"C4232-030 ","GASKET HEAD HONDA CRX CIVIC INTG-VTEC 81.5 .030"" MLS ",105.22557,138.17832
"Cometic Gaskets",C4236-030,"C4236-030 ","GASKET HEAD HONDA HYBRID LS/VTEC 81.5MM .030""MLS B18A/B W/VTEC",105.22557,138.17832
"Cometic Gaskets",C4237-030,"C4237-030 ","GASKET HEAD HONDA HYBRID LS/VTEC 81MM .030MLS B18A/B W/VTEC",105.22557,138.17832
"Cometic Gaskets",C4238-030,"C4238-030 ","GASKET HEAD HONDA/ACURA DOHC 81MM B18A/B .030"" MLS NON VTEC",105.22557,138.17832
"Cometic Gaskets",C4243-051,"C4243-051 ","GASKET HEAD MIT 6G72/6G72D4 V-6 93MM .051"" MLS DIAMANTE 3000GT",105.22557,138.17832
"Cometic Gaskets",C4250-030,"C4250-030 ","GASKET HEAD HONDA CRV 97-02 85MM .030"" MLS B20 MOTOR",105.22557,138.17832
"Cometic Gaskets",C4252-027,"C4252-027 ","GASKET HEAD HONDA PRELUDE 87MM '97-UP' .027"" MLS H22-A4",105.22557,138.17832
"Cometic Gaskets",C4255-030,"C4255-030 ","GASKET HEAD HONDA PRELUDE 87MM '92-96' 2.2LTR VTEC .030""MLS H22",105.22557,138.17832
"Cometic Gaskets",C4263-040,"C4263-040 ","GASKET HEAD SUB EJ22E TURBO 98MM .040"" MLS GASKET SOHC 16V",56.32794,74.39880
"Cometic Gaskets",C4263-051,"C4263-051 ","GASKET HEAD SUB EJ22E TURBO 98MM .051"" MLS GSK SOHC 16V TURBO",56.32794,74.39880
"Cometic Gaskets",C4263-056,"C4263-056 ","GASKET HEAD SUB EJ22E TURBO 98MM .056"" MLS-5 GASKET SOHC",80.77675,107.35157
"Cometic Gaskets",C4263-060,"C4263-060 ","GASKET HEAD SUB EJ22E TURBO 98MM .060"" MLS-5 GASKET SOHC",80.77675,107.35157
"Cometic Gaskets",C4264-051,"C4264-051 ","GASKET HEAD SUB EJ25 MOTOR 100MM .051"" MLS GASKET DOHC 16V",56.32794,74.39880
"Cometic Gaskets",C4276-051,"C4276-051 ","GASKET HEAD TOY/LEXUS SUPRA '93-UP 87MM .051"" 3 LAYER MLS 2JZ MOTOR",195.57992,259.35944
"Cometic Gaskets",C4277-030,"C4277-030 ","GASKET HEAD HON NSX 3.0&3.2L V-6 95MM .030"" MLS C30A1 MOTOR",117.98149,155.18621
"Cometic Gaskets",C4300-030,"C4300-030 ","GASKET HEAD HONDA K20/K24 86MM HEAD GASKET .030"" MLS",105.22557,138.17832
"Cometic Gaskets",C4300-040,"C4300-040 ","GASKET HEAD HONDA K20/K24 86MM HEAD GASKET .040"" MLS",105.22557,138.17832
"Cometic Gaskets",C4311-030,"C4311-030 ","GASKET HEAD HONDA K20/K24 87MM HEAD GASKET .030"" MLS",105.22557,138.17832
"Cometic Gaskets",C4311-120,"C4311-120 ","GASKET HEAD HONDA K20/24 87MM .120"" MLS",243.41456,321.01298
"Cometic Gaskets",C4312-030,"C4312-030 ","GASKET HEAD HONDA K20/K24 88MM HEAD GASKET .030"" MLS",105.22557,138.17832
"Cometic Gaskets",C4312-051,"C4312-051 ","GASKET HEAD HONDA K20/K24 88MM HEAD GASKET .051"" MLS",105.22557,138.17832
"Cometic Gaskets",C4313-030,"C4313-030 ","GASKET HEAD HONDA K20/K24 89MM HEAD GASKET .030"" MLS",105.22557,138.17832
"Cometic Gaskets",C4318-051,"C4318-051 ","GASKET HEAD NIS RB-25 6 CYL 87MM .051"" MLS",195.57992,259.35944
"Cometic Gaskets",C4335-120,"C4335-120 ","GASKET HEAD HONDA F20C S2000 THRU '03 89MM .120"" MLS 2.0L",243.41456,321.01298
"Cometic Gaskets",C4345-040,"C4345-040 ","GASKET HEAD NIS VQ30/VQ35 V6 96MM LH .040"" MLS 02'- UP",108.41456,142.43029
"Cometic Gaskets",C4364-040,"C4364-040 ","GASKET HEAD ROV V8 96MM BORE .040"" MLS 10 BOLT 94-UP",107.35157,141.36731
"Cometic Gaskets",C4499-030,"C4499-030 ","GASKET HEAD VOLVO B23 78' - 98' 97MM .030"" MLS H/G 240 740 940",130.73739,173.25707
"Cometic Gaskets",C4514,"C4514 ","GASKET TURBO FLANGE T3 EXHAUST INLET .010""",10.61928,13.80826
"Cometic Gaskets",C4515,"C4515 ","GASKET TURBO FLANGE T25 EXHAUST INLET .010""",10.61928,13.80826
"Cometic Gaskets",C4552,"C4552 ","GASKET VALVE COVER RB26",40.38306,53.13896
"Cometic Gaskets",C4561-030,"C4561-030 ","GASKET HEAD HONDA K20Z3 06-09 SI 86MM BORE .030"" MLS",105.22557,138.17832
"Cometic Gaskets",C4567-045,"C4567-045 ","GASKET HEAD HONDA PRELUDE B20A1/A5/B2 84MM .045"" MLS",105.22557,138.17832
"Cometic Gaskets",C4574-036,"C4574-036 ","GASKET HEAD SUBARU EJ255 08+/EJ257 07-UP .036"" MLS 101MM",56.32794,74.39880
"Cometic Gaskets",C4594-030,"C4594-030 ","GASKET HEAD HONDA K20Z7 2012+ SI 87MM BORE .030"" MLS",105.22557,138.17832
"Cometic Gaskets",C4618-027,"C4618-027 ","GASKET HEAD HON F22B1 94-98 2.2L SOHC 86MM .027"" MLS",105.22557,138.17832
"Cometic Gaskets",C5635-051,"C5635-051 ","GASKET HEAD MERCURY-CHEVY BB 4.530"" BORE .051"" MLS GEN 4 5&6 BLOCKS",103.09960,136.05235
"Cometic Gaskets",H1340SP1-030,"H1340SP1-030 ","GASKET HEAD HONDA CRX CIVIC INTG-VTEC 84.5MM .030 MLS",96.53755,143.71472
"Cometic Gaskets",H1340SP3030S,"H1340SP3030S ","GASKET HEAD Honda crx civic intg-vtec 84.5mm .030 H/G .520 Studs",93.24613,138.22899
"Cometic Gaskets",H1340SP7030S,"H1340SP7030S ","GASKET HEAD Honda crx civic intg-vtec 84mm .030 H/G .520 Studs",93.24613,138.22899
"Cometic Gaskets",H1340SP7040S,"H1340SP7040S ","GASKET HEAD Honda crx civic intg-vtec 84mm .040 H/G .520 Studs",93.24613,138.22899
"Cometic Gaskets",H1796SP1040S,"43.29 ","GASKET HEAD NISSAN SR20DE/DET 91-02 RWD 86.5MM .040 MLS +2 OIL HOLES",93.24613,138.22899
"Cometic Gaskets",H1796SP6040S,"H1796SP6040S ","GASKET HEAD NISSAN SR20DE/DET 91-02 RWD 86.5MM .040 MLS +2 OIL HOLES",93.24613,138.22899
"Cometic Gaskets",IR511060AFM,"IR511060AFM ","GASKET INTAKE MANIFOLD NISSAN RB25DET",24.12613,35.09756
"Cometic Gaskets",IR512125KF,"IR512125KF ","GASKET INTAKE NISSAN RB25DETT UPPER",27.41755,41.68043
"Cometic Gaskets",IR658032AFM,"IR658032AFM ","GASKET INTAKE NISSAN RB20DE RB26DET",27.41755,39.48615
"Cometic Gaskets",IR736018AFM,"IR736018AFM ","GASKET INTAKE PLENIUM NISSAN RB20DE RB26DET",50.45760,65.81757
"Cometic Gaskets",PH0049051KIT,"PH0049051KIT ","GASKET HEAD FUSION HONDA K20/24 89MM .051 MLS",184.30899,184.30899
"Cometic Gaskets",PRO2001T,"PRO2001T ","STREET PRO KIT HONDA D16Y5/Y7/Y8 SOHC 1996-00 76MM TOP END GASKET KIT",211.52480,265.73739
"Cometic Gaskets",PRO2008T-865-045,"PRO2008T-865-045 ","STREET PRO KIT NISSAN SR20DET S13 RWD 88-93 86.5MM TOP END KIT W/O VC GSK",229.59565,290.18621
"Cometic Gaskets",PRO2015T,"PRO2015T ","STREET PRO KIT NISSAN RB20DET 1988-93 80MM TOP END GASKET KIT",304.00509,383.72952
"Cometic Gaskets",PRO2016T,"PRO2016T ","STREET PRO KIT NISSAN RB25DE 1991-2002 87MM TOP END GASKET KIT",331.64290,417.74525
"Cometic Gaskets",PRO2017B,"PRO2017B ","STREET PRO KIT NISSAN RB20/25/26DETT 1988-02 BOTTOM END GASKET KIT",63.76888,80.77675
"Cometic Gaskets",SCOS6018,"SCOS6018 ","GASKET OIL PAN HONDA B16A2/A3 94-00",39.48615,39.48615
"Cometic Gaskets",SCRS29390,"SCRS29390 ","GASKET MAIN SEAL HONDA B16A2/A3 94-00 REAR",17.54329,17.54329
"Competition Cams",107-200-8,"107-200-8 ","Neon 4cyl SOHC 95-04 Cam Street/Race",343.07117,508.23201
Corsa,CORCC0005,"CC0005 ","Corsa CatchCan Chevrolet Corvette (C8 Coupe Only) 2020-",233.68818,268.92637
G-Sport,GES10025,"10025 ","G-Sport HO 300CPSI OBD2 Cat 4"" Body x 7"" OAL 2.5"" In/out",204.08384,260.42243
G-Sport,GES10030,"10030 ","G-Sport HO 300CPSI OBD2 Cat 4"" Body x 7"" OAL 3"" In/out",210.46179,268.92637
G-Sport,GES50230,"50230 ","G-Sport 3"" IN/OUT - 4"" BODY - 400 CPSI - GEN2 EPA- 350-500HP (2017> CARS)",662.23344,846.13109
G-Sport,GES85032,"85032 ","G-Sport - 3"" IN/OUT - 4.5"" BODY - GEN1 EPA - 500-850HP (<2016 CARS)",775.97360,989.63501
Garmin,GAR010-01735-10,"010-01735-10 ","Garmin inReach Explorer+",560.49000,589.99000
Garmin,GAR010-01750-15,"010-01750-15 ","Garmin Dash Cam 65W DISCONTINUED",270.65000,346.99000
Garmin,GAR010-01879-01,"010-01879-01 ","Garmin inReach Mini Black",371.24000,449.99000
Garmin,GAR010-02019-00,"010-02019-00 ","Garmin zumo 396LMT-S",415.99000,519.99000
Garmin,GAR010-02036-07,"010-02036-07 ","Garmin Garmin Drive 52 & Traffic",182.31000,220.99000
Garmin,GAR010-02061-20,"010-02061-20 ","Garmin Edge 830 Mountain Bike Bundle",617.49000,649.99000
Garmin,GAR010-02064-00,"010-02064-00 ","Garmin Instinct Graphite",311.99000,389.99000
Garmin,GAR010-02313-00,"010-02313-00 ","Garmin dezl OTR700",478.49000,579.99000
Garmin,GAR010-02314-00,"010-02314-00 ","Garmin dezl OTR800",701.24000,849.99000
Garmin,GAR010-02315-00,"010-02315-00 ","Garmin dezl OTR1000",948.74000,1149.99000
Garmin,GAR010-02345-00,"010-02345-00 ","Garmin Catalyst Driving Performance Optimizer",1154.99000,1399.99000
Garmin,GAR010-02406-01,"010-02406-01 ","Garmin Tread - Base Edition 5.5 Powersport Navigator",643.49000,779.99000
Garmin,GAR010-02425-00,"010-02425-00 ","Garmin RV 890",577.49000,699.99000
Garmin,GAR010-02425-05,"010-02425-05 ","Garmin RV 1090",808.49000,979.99000
Garmin,GAR010-02469-00,"010-02469-00 ","Garmin Garmin DriveSmart 66 MT",263.99000,319.99000
Garmin,GAR010-02504-00,"010-02504-00 ","Garmin Garmin Dash Cam Mini 2",140.24000,169.99000
Garmin,GAR010-02603-00,"010-02603-00 ","Garmin dezl OTR500",321.74000,389.99000
Garmin,GAR010-02738-00,"010-02738-00 ","Garmin dezl OTR610",375.36000,454.99000
Garmin,GAR010-02740-00,"010-02740-00 ","Garmin dezl OTR810",750.74000,909.99000
Garmin,GAR010-11917-00,"010-11917-00 ","Garmin Universal Carrying Case (up to 7-inch)",18.22000,22.09000
Garmin,GAR010-12530-04,"010-12530-04 ","Garmin Low Profile Adhesive Mount",10.71000,12.99000
Garmin,GAR010-12530-05,"010-12530-05 ","Garmin Mini Suction Cup Mount",16.07000,19.49000
Garmin,GAR010-12953-02,"010-12953-02 ","Garmin Carrying Case",26.80000,32.49000
Garmin,GAR010-13081-03,"010-13081-03 ","Garmin Remote Cam",160.86000,194.99000
Garmin,GAR010-13081-06,"010-13081-06 ","Garmin Cage with Low-Profile Magnetic Mount",139.41000,168.99000
GDI,GT186,"GT186 ","GDI 8"" TRIANGLE 30/60 (6)",13.82191,16.17922
GDI,"GT2083 BLACK","GT2083 BLACK ","GDI FUSION BLACK TURBO PRO 3 1/2""",9.59538,11.23615
GDI,"GT2083-4 BLACK","GT2083-4 BLACK ","GDI FUSION BLACK TURBO PRO 4""",10.86230,12.71076
GReddy,12002802S,"12002802S ","GREDDY OIL FILTER BLOCK ADAPTER SPACER",84.54722,106.20226
GReddy,16400714,"16400714 ","GAUGE HARDWARE M14xP1.25 OIL ADAPTER Temp.",20.11505,24.42545
