BRAND,JRPSKU,OEMSKU,DESCRIPTION,QTY,COST,MAP
ACCEL,ACC36-424,36-424,"ACCEL CONTINGENCY DECAL 4.4894 X 8.03 ACCEL",0,4.14345,5.40000
ACCEL,ACC74839G,74839G,"ACCEL DECAL ACCEL SKULL 6 INCH ROUND",0,4.14345,5.68038
"ACCEL Motorcycle",ACC1002M,1002M,"ACCEL MOTORCYCLE SPARK PLUG FLAT INDEX WASHERS",0,55.02807,69.82615
"ACCEL Motorcycle",ACC111129,111129,"ACCEL MOTORCYCLE CONTACT SET",0,29.06653,35.80615
"ACCEL Motorcycle",ACC111130,111130,"ACCEL MOTORCYCLE CONTACT SET",0,29.06653,35.80615
"ACCEL Motorcycle",ACC111131,111131,"ACCEL MOTORCYCLE CONDENSER",0,20.75883,25.07883
"ACCEL Motorcycle",ACC1224MM,1224MM,"ACCEL MOTORCYCLE MATRIX MAT 12X24""""",0,70.60500,89.49460
"ACCEL Motorcycle",ACC140401BK,140401BK,"ACCEL MOTORCYCLE POWER PULSE COIL 3 OHM BLACK",0,195.22038,233.70576
"ACCEL Motorcycle",ACC140402,140402,"ACCEL MOTORCYCLE IGNITION COIL - POWER PULSE -",0,154.72038,185.00191
"ACCEL Motorcycle",ACC140402BK,140402BK,"ACCEL MOTORCYCLE POWER PULSE COIL 4.2 OHM BLACK",0,195.22038,233.70576
"ACCEL Motorcycle",ACC140403,140403,"ACCEL MOTORCYCLE DT COIL KIT",0,332.29730,397.90730
"ACCEL Motorcycle",ACC140403K,140403K,"ACCEL MOTORCYCLE DT COIL KIT BLACK",0,349.95115,418.78038
"ACCEL Motorcycle",ACC140403KS,140403KS,"ACCEL MOTORCYCLE DT COIL KIT BLACK",0,191.06653,228.13960
"ACCEL Motorcycle",ACC140403S,140403S,"ACCEL MOTORCYCLE DT COIL KIT",0,175.48960,222.57345
"ACCEL Motorcycle",ACC140404,140404,"ACCEL MOTORCYCLE DT COIL KIT",0,356.18191,425.73807
"ACCEL Motorcycle",ACC140404K,140404K,"ACCEL MOTORCYCLE DT COIL KIT BLACK",0,349.95115,418.78038
"ACCEL Motorcycle",ACC140404KS,140404KS,"ACCEL MOTORCYCLE DT COIL KIT BLACK",0,191.06653,228.13960
"ACCEL Motorcycle",ACC140404S,140404S,"ACCEL MOTORCYCLE DT COIL KIT",0,180.68191,228.13960
"ACCEL Motorcycle",ACC140405,140405,"ACCEL MOTORCYCLE IGN COIL",0,197.29730,235.09730
"ACCEL Motorcycle",ACC140405K,140405K,"ACCEL MOTORCYCLE IGN COIL BLACK",0,191.06653,228.13960
"ACCEL Motorcycle",ACC140406,140406,"ACCEL MOTORCYCLE COIL IGN 4.7 OHM YELLOW",0,171.33576,204.48345
"ACCEL Motorcycle",ACC140406BK,140406BK,"ACCEL MOTORCYCLE COIL IGN 4.7 OHM BLACK",0,171.33576,204.48345
"ACCEL Motorcycle",ACC140406CH,140406CH,"ACCEL MOTORCYCLE COIL IGN 4.7 OHM CHROME",0,188.98960,225.35653
"ACCEL Motorcycle",ACC140407,140407,"ACCEL MOTORCYCLE COIL IGN 2.3 OHM YELLOW",0,185.87422,222.57345
"ACCEL Motorcycle",ACC140407BK,140407BK,"ACCEL MOTORCYCLE COIL IGN 2.3 OHM BLACK",0,185.87422,222.57345
"ACCEL Motorcycle",ACC140407CH,140407CH,"ACCEL MOTORCYCLE COIL IGN 2.3 OHM CHROME",0,202.48960,242.05500
"ACCEL Motorcycle",ACC140408,140408,"ACCEL MOTORCYCLE COIL IGN SINGLE FIRE YELLOW",0,214.95115,257.36191
"ACCEL Motorcycle",ACC140408BK,140408BK,"ACCEL MOTORCYCLE COIL IGN SINGLE FIRE BLACK",0,214.95115,257.36191
"ACCEL Motorcycle",ACC140408CH,140408CH,"ACCEL MOTORCYCLE COIL IGN SINGLE FIRE CHROME",0,232.60500,278.23500
"ACCEL Motorcycle",ACC140409,140409,"ACCEL MOTORCYCLE COIL TC CARB MODELS 31655-99",0,214.95115,257.36191
"ACCEL Motorcycle",ACC140410,140410,"ACCEL MOTORCYCLE COIL TC EFI MODELS 31743-01",0,214.95115,257.36191
"ACCEL Motorcycle",ACC140411BC,140411BC,"ACCEL MOTORCYCLE COP KIT BLACK SHORT",0,352.02807,421.56345
"ACCEL Motorcycle",ACC140411BI,140411BI,"ACCEL MOTORCYCLE COP KIT FI TC BLACK",0,352.02807,421.56345
"ACCEL Motorcycle",ACC140411NC,140411NC,"ACCEL MOTORCYCLE COP KIT NATURAL SHORT",0,352.02807,421.56345
"ACCEL Motorcycle",ACC140411NI,140411NI,"ACCEL MOTORCYCLE COP KIT FI TC NATURAL",0,352.02807,421.56345
"ACCEL Motorcycle",ACC140412,140412,"ACCEL MOTORCYCLE COIL 07&UP SPORTSTER 31656-07",0,214.95115,257.36191
"ACCEL Motorcycle",ACC140413,140413,"ACCEL MOTORCYCLE COIL EFI TC MODELS 31696-07A",0,214.95115,257.36191
"ACCEL Motorcycle",ACC140414B,140414B,"ACCEL MOTORCYCLE COP KIT SPORTSTER BLACK",0,426.79730,510.62191
"ACCEL Motorcycle",ACC140414N,140414N,"ACCEL MOTORCYCLE COP KIT SPORTSTER NATURAL",0,426.79730,510.62191
"ACCEL Motorcycle",ACC140414S,140414S,"ACCEL MOTORCYCLE COP KIT SPORTSTER STEALTH",0,426.79730,510.62191
"ACCEL Motorcycle",ACC140415,140415,"ACCEL MOTORCYCLE COIL HD ROCKER BREAKOUT & BLACKLINE",0,170.29730,203.09191
"ACCEL Motorcycle",ACC140416,140416,"ACCEL MOTORCYCLE COIL VICTORY 2008-16 TWIN EFI",0,183.79730,219.79038
"ACCEL Motorcycle",ACC140417,140417,"ACCEL MOTORCYCLE COIL POLARIS 04-17 TWIN EFI",0,183.79730,219.79038
"ACCEL Motorcycle",ACC151100,151100,"ACCEL MOTORCYCLE VOLT REG.BKT",0,47.75883,59.62845
"ACCEL Motorcycle",ACC151301,151301,"ACCEL MOTORCYCLE GEN ARMTR 12V",0,198.33576,251.79576
"ACCEL Motorcycle",ACC151304,151304,"ACCEL MOTORCYCLE STRTR GR",0,83.06653,98.46691
"ACCEL Motorcycle",ACC151306,151306,"ACCEL MOTORCYCLE GEAR STRTR-BIG TWIN '90-PRSNT",0,195.22038,233.70576
"ACCEL Motorcycle",ACC151308,151308,"ACCEL MOTORCYCLE BAT ELIM.KIT",0,66.45115,78.75691
"ACCEL Motorcycle",ACC151408,151408,"ACCEL MOTORCYCLE CABLE SET BATT L DYNA MC",0,70.60500,89.49460
"ACCEL Motorcycle",ACC151409,151409,"ACCEL MOTORCYCLE CABLE SET BATT DYNA MC",0,70.60500,89.49460
"ACCEL Motorcycle",ACC152100,152100,"ACCEL MOTORCYCLE ROTOR H-D ALTERNATOR",0,239.87422,286.58422
"ACCEL Motorcycle",ACC152101,152101,"ACCEL MOTORCYCLE STATOR ASSY",0,269.98960,342.24576
"ACCEL Motorcycle",ACC152102,152102,"ACCEL MOTORCYCLE STATOR ASY",0,195.22038,247.62115
"ACCEL Motorcycle",ACC152103,152103,"ACCEL MOTORCYCLE STATOR ASY",0,174.45115,221.18191
"ACCEL Motorcycle",ACC152104,152104,"ACCEL MOTORCYCLE STATOR ASY",0,173.41268,219.79038
"ACCEL Motorcycle",ACC152105,152105,"ACCEL MOTORCYCLE STATOR ASY",0,173.41268,219.79038
"ACCEL Motorcycle",ACC152106,152106,"ACCEL MOTORCYCLE STATOR ASY",0,173.41268,219.79038
"ACCEL Motorcycle",ACC152107,152107,"ACCEL MOTORCYCLE STATOR ASY",0,183.79730,219.79038
"ACCEL Motorcycle",ACC152108,152108,"ACCEL MOTORCYCLE STATOR ASY",0,173.41268,219.79038
"ACCEL Motorcycle",ACC152109,152109,"ACCEL MOTORCYCLE STATOR 40 AMP ROUND CASE PLUG",0,336.45115,427.12960
"ACCEL Motorcycle",ACC152110,152110,"ACCEL MOTORCYCLE STATOR 38 AMP OVAL CASE PLUG",0,336.45115,427.12960
"ACCEL Motorcycle",ACC152111,152111,"ACCEL MOTORCYCLE STATOR 38A 3PHS RPL 30017-01",0,161.98960,193.35115
"ACCEL Motorcycle",ACC152112,152112,"ACCEL MOTORCYCLE STATOR 40A 3-PHS RPL 30017-07",0,268.95115,321.37268
"ACCEL Motorcycle",ACC152113,152113,"ACCEL MOTORCYCLE STATOR 38A RPL 29987-99",0,328.14345,392.34115
"ACCEL Motorcycle",ACC152114,152114,"ACCEL MOTORCYCLE STATOR 45A RPL 29987-02",0,328.14345,392.34115
"ACCEL Motorcycle",ACC152115,152115,"ACCEL MOTORCYCLE STATOR 50A 3-PHS 29987-06",0,328.14345,392.34115
"ACCEL Motorcycle",ACC152201,152201,"ACCEL MOTORCYCLE ROTOR 38A 3 PHASE",0,161.98960,193.35115
"ACCEL Motorcycle",ACC152300,152300,"ACCEL MOTORCYCLE KIT CHARGING SYSTEM 32A",0,456.91268,546.80191
"ACCEL Motorcycle",ACC152304,152304,"ACCEL MOTORCYCLE KIT CHARGE SYS 38A W/CHR 3PHS",0,549.33576,656.73345
"ACCEL Motorcycle",ACC170036M,170036M,"ACCEL MOTORCYCLE 300+ PERMA-CRIMP TOOL",0,155.75883,198.51230
"ACCEL Motorcycle",ACC170082,170082,"ACCEL MOTORCYCLE WIRE SET 8.8",0,83.06653,105.38307
"ACCEL Motorcycle",ACC170083,170083,"ACCEL MOTORCYCLE WIRE SET 8.8",0,42.56653,53.66768
"ACCEL Motorcycle",ACC170085,170085,"ACCEL MOTORCYCLE WIRE SET 8.8",0,42.56653,53.66768
"ACCEL Motorcycle",ACC171097-B,171097-B,"ACCEL MOTORCYCLE WIRE SET 500 CUSFIT 99BUL/DYN",0,57.10500,67.58307
"ACCEL Motorcycle",ACC171097-K,171097-K,"ACCEL MOTORCYCLE WIRE SET 500 CUSFIT 99BUL/DYN",0,57.10500,67.58307
"ACCEL Motorcycle",ACC171097-R,171097-R,"ACCEL MOTORCYCLE WIRE SET 500 CUSFIT 99BUL/DYN",0,57.10500,67.58307
"ACCEL Motorcycle",ACC171097-Y,171097-Y,"ACCEL MOTORCYCLE WIRE SET 500 CUSFIT 99BUL/DYN",0,57.10500,67.58307
"ACCEL Motorcycle",ACC171098-B,171098-B,"ACCEL MOTORCYCLE WIRE SET 500 CUSFIT 99FLH SERI",0,57.10500,67.58307
"ACCEL Motorcycle",ACC171098-K,171098-K,"ACCEL MOTORCYCLE WIRE SET 500 CUSFIT 99FLH SERI",0,57.10500,67.58307
"ACCEL Motorcycle",ACC171098-R,171098-R,"ACCEL MOTORCYCLE WIRE SET 500 CUSFIT 99FLH SERI",0,57.10500,67.58307
"ACCEL Motorcycle",ACC171098-Y,171098-Y,"ACCEL MOTORCYCLE WIRE SET 500 CUSFIT 99FLH SERI",0,57.10500,67.58307
"ACCEL Motorcycle",ACC171099-B,171099-B,"ACCEL MOTORCYCLE WIRE ST BLU HD ROCKER BREAKOUT BLACKLINE",0,56.06653,65.98383
"ACCEL Motorcycle",ACC171099-K,171099-K,"ACCEL MOTORCYCLE WIRE ST BLK HD ROCKER BREAKOUT BLACKLINE",0,62.29730,69.56653
"ACCEL Motorcycle",ACC171099-R,171099-R,"ACCEL MOTORCYCLE WIRE ST RED HD ROCKER BREAKOUT BLACKLINE",0,56.06653,65.98383
"ACCEL Motorcycle",ACC171099-Y,171099-Y,"ACCEL MOTORCYCLE WIRE ST YEL HD ROCKER BREAKOUT BLACKLINE",0,56.06653,65.98383
"ACCEL Motorcycle",ACC171100-B,171100-B,"ACCEL MOTORCYCLE WIRE SET 500 CUSFIT 00 SOFTAIL",0,57.10500,67.58307
"ACCEL Motorcycle",ACC171100-K,171100-K,"ACCEL MOTORCYCLE WIRE SET 500 CUSFIT 00 SOFTAIL",0,57.10500,67.58307
"ACCEL Motorcycle",ACC171100-R,171100-R,"ACCEL MOTORCYCLE WIRE SET 500 CUSFIT 00 SOFTAIL",0,57.10500,67.58307
"ACCEL Motorcycle",ACC171100-Y,171100-Y,"ACCEL MOTORCYCLE WIRE SET 500 CUSFIT 00 SOFTAIL",0,57.10500,67.58307
"ACCEL Motorcycle",ACC171110B,171110B,"ACCEL MOTORCYCLE 8MM S/S WIRE SPORTSTER BLUE",0,57.10500,67.58307
"ACCEL Motorcycle",ACC171110K,171110K,"ACCEL MOTORCYCLE 8MM S/S WIRE SPORTSTER BLACK",0,57.10500,67.58307
"ACCEL Motorcycle",ACC171110R,171110R,"ACCEL MOTORCYCLE 8MM S/S WIRE SPORTSTER RED",0,57.10500,67.58307
"ACCEL Motorcycle",ACC171110Y,171110Y,"ACCEL MOTORCYCLE 8MM S/S WIRE SPORTSTER YELLOW",0,57.10500,67.58307
"ACCEL Motorcycle",ACC171111B,171111B,"ACCEL MOTORCYCLE 8MM S/S WIRE TOURING BLUE",0,57.10500,67.58307
"ACCEL Motorcycle",ACC171111K,171111K,"ACCEL MOTORCYCLE 8MM S/S WIRE TOURING BLACK",0,57.10500,67.58307
"ACCEL Motorcycle",ACC171111R,171111R,"ACCEL MOTORCYCLE 8MM S/S WIRE TOURING RED",0,57.10500,67.58307
"ACCEL Motorcycle",ACC171111Y,171111Y,"ACCEL MOTORCYCLE 8MM S/S WIRE TOURING YELLOW",0,57.10500,67.58307
"ACCEL Motorcycle",ACC171112B,171112B,"ACCEL MOTORCYCLE 8MM S/S WIRE XR1200 BLUE",0,57.10500,67.58307
"ACCEL Motorcycle",ACC171112K,171112K,"ACCEL MOTORCYCLE 8MM S/S WIRE XR1200 BLACK",0,57.10500,67.58307
"ACCEL Motorcycle",ACC171112R,171112R,"ACCEL MOTORCYCLE 8MM S/S WIRE XR1200 RED",0,57.10500,67.58307
"ACCEL Motorcycle",ACC171112Y,171112Y,"ACCEL MOTORCYCLE 8MM S/S WIRE XR1200 YELLOW",0,57.10500,67.58307
"ACCEL Motorcycle",ACC171116-B,171116-B,"ACCEL MOTORCYCLE WIRE SET 17-UP MILWAUKEE 8 - BLUE",0,75.79730,89.67115
"ACCEL Motorcycle",ACC171116-K,171116-K,"ACCEL MOTORCYCLE WIRE SET 17-UP MILWAUKEE 8 - BLACK",0,75.79730,89.67115
"ACCEL Motorcycle",ACC171116-R,171116-R,"ACCEL MOTORCYCLE WIRE SET 17-UP MILWAUKEE 8 - RED",0,75.79730,89.67115
"ACCEL Motorcycle",ACC171116-Y,171116-Y,"ACCEL MOTORCYCLE WIRE SET 17-UP MILWAUKEE 8 - YELLOW",0,75.79730,89.67115
"ACCEL Motorcycle",ACC171117-B,171117-B,"ACCEL MOTORCYCLE WIRE SET 17-UP M8 SOFTAIL - BLUE",0,72.68191,86.23383
"ACCEL Motorcycle",ACC171117-K,171117-K,"ACCEL MOTORCYCLE WIRE SET 17-UP M8 SOFTAIL - BLACK",0,72.68191,86.23383
"ACCEL Motorcycle",ACC171117-R,171117-R,"ACCEL MOTORCYCLE WIRE SET 17-UP M8 SOFTAIL - RED",0,72.68191,86.23383
"ACCEL Motorcycle",ACC171117-Y,171117-Y,"ACCEL MOTORCYCLE WIRE SET 17-UP M8 SOFTAIL - YELLOW",0,72.68191,86.23383
"ACCEL Motorcycle",ACC172071,172071,"ACCEL MOTORCYCLE WIRE SET",0,41.52807,51.65307
"ACCEL Motorcycle",ACC172071K,172071K,"ACCEL MOTORCYCLE WIRE SET",0,41.52807,51.65307
"ACCEL Motorcycle",ACC172072,172072,"ACCEL MOTORCYCLE WIRE SET",0,41.52807,51.65307
"ACCEL Motorcycle",ACC172072K,172072K,"ACCEL MOTORCYCLE WIRE SET",0,41.52807,51.65307
"ACCEL Motorcycle",ACC172073,172073,"ACCEL MOTORCYCLE WIRE SET",0,41.52807,51.65307
"ACCEL Motorcycle",ACC172073K,172073K,"ACCEL MOTORCYCLE WIRE SET",0,41.52807,51.65307
"ACCEL Motorcycle",ACC172074,172074,"ACCEL MOTORCYCLE WIRE SET",0,41.52807,51.65307
"ACCEL Motorcycle",ACC172074K,172074K,"ACCEL MOTORCYCLE WIRE SET",0,41.52807,51.65307
"ACCEL Motorcycle",ACC172075,172075,"ACCEL MOTORCYCLE WIRE SET",0,41.52807,51.65307
"ACCEL Motorcycle",ACC172075K,172075K,"ACCEL MOTORCYCLE WIRE SET",0,41.52807,51.65307
"ACCEL Motorcycle",ACC172082,172082,"ACCEL MOTORCYCLE WIRE SET",0,41.52807,51.65307
"ACCEL Motorcycle",ACC172082K,172082K,"ACCEL MOTORCYCLE WIRE SET",0,41.52807,51.65307
"ACCEL Motorcycle",ACC172083,172083,"ACCEL MOTORCYCLE WIRE SET",0,41.52807,51.65307
"ACCEL Motorcycle",ACC172083K,172083K,"ACCEL MOTORCYCLE WIRE SET",0,41.52807,51.65307
"ACCEL Motorcycle",ACC172086,172086,"ACCEL MOTORCYCLE WIRE SET",0,41.52807,51.65307
"ACCEL Motorcycle",ACC172086K,172086K,"ACCEL MOTORCYCLE WIRE SET",0,41.52807,51.65307
"ACCEL Motorcycle",ACC172089,172089,"ACCEL MOTORCYCLE WIRE SET 8.8",0,41.52807,51.65307
"ACCEL Motorcycle",ACC172089K,172089K,"ACCEL MOTORCYCLE WIRE SET 8.8",0,41.52807,51.65307
"ACCEL Motorcycle",ACC172090,172090,"ACCEL MOTORCYCLE WIRE SET 8.8",0,41.52807,51.65307
"ACCEL Motorcycle",ACC172090K,172090K,"ACCEL MOTORCYCLE WIRE SET 8.8",0,41.52807,51.65307
"ACCEL Motorcycle",ACC173082,173082,"ACCEL MOTORCYCLE WIRE SET 8.8",0,85.14345,107.35615
"ACCEL Motorcycle",ACC173082K,173082K,"ACCEL MOTORCYCLE WIRE SET 8.8",0,83.06653,105.38307
"ACCEL Motorcycle",ACC173083,173083,"ACCEL MOTORCYCLE WIRE SET 8.8",0,42.56653,53.66768
"ACCEL Motorcycle",ACC173083K,173083K,"ACCEL MOTORCYCLE WIRE SET 8.8",0,42.56653,53.66768
"ACCEL Motorcycle",ACC173084K,173084K,"ACCEL MOTORCYCLE WIRE SET 8.8",0,85.14345,107.35615
"ACCEL Motorcycle",ACC173085,173085,"ACCEL MOTORCYCLE WIRE SET 8.8",0,42.56653,53.66768
"ACCEL Motorcycle",ACC173085K,173085K,"ACCEL MOTORCYCLE WIRE SET 8.8",0,42.56653,53.66768
"ACCEL Motorcycle",ACC173087-K,173087-K,"ACCEL MOTORCYCLE KIT WIRE 5MM-BLACK",0,73.72038,93.47191
"ACCEL Motorcycle",ACC175073,175073,"ACCEL MOTORCYCLE 8.8MM 300+ CUSTOM FIT WIRE SET",0,47.75883,59.62845
"ACCEL Motorcycle",ACC175074,175074,"ACCEL MOTORCYCLE 8.8MM 300+ CUSTOM FIT WIRE SET",0,47.75883,59.62845
"ACCEL Motorcycle",ACC175082,175082,"ACCEL MOTORCYCLE 8.8MM 300+ CUSTOM FIT WIRE SET",0,47.75883,59.62845
"ACCEL Motorcycle",ACC175086,175086,"ACCEL MOTORCYCLE 8.8MM 300+ CUSTOM FIT WIRE SET",0,47.75883,59.62845
"ACCEL Motorcycle",ACC175089,175089,"ACCEL MOTORCYCLE 8.8MM 300+ CUSTOM FIT WIRE SET",0,47.75883,59.62845
"ACCEL Motorcycle",ACC175090,175090,"ACCEL MOTORCYCLE 8.8MM 300+ CUSTOM FIT WIRE SET",0,47.75883,59.62845
"ACCEL Motorcycle",ACC175091,175091,"ACCEL MOTORCYCLE 8.8MM 300+ CUSTOM FIT WIRE SET",0,47.75883,59.62845
"ACCEL Motorcycle",ACC175093,175093,"ACCEL MOTORCYCLE 8.8MM 300+ UNIV WIRE SET",0,50.87422,63.60576
"ACCEL Motorcycle",ACC175095,175095,"ACCEL MOTORCYCLE 8.8MM 300+ UNIV WIRE SET",0,50.87422,63.60576
"ACCEL Motorcycle",ACC175096,175096,"ACCEL MOTORCYCLE WIRE SET 300+CUSFIT 96-98BUELL",0,47.75883,59.62845
"ACCEL Motorcycle",ACC175097,175097,"ACCEL MOTORCYCLE WIRE SET 300+CUSFIT 99BUEL/DYN",0,47.75883,59.62845
"ACCEL Motorcycle",ACC175098,175098,"ACCEL MOTORCYCLE WIRE SET 300+CUSFIT 99FLH SERI",0,47.75883,59.62845
"ACCEL Motorcycle",ACC175099,175099,"ACCEL MOTORCYCLE WIRE SET 300+CUSFIT 98/03SPRTS",0,89.29730,113.33768
"ACCEL Motorcycle",ACC175100,175100,"ACCEL MOTORCYCLE WIRE SET 300+CUSFIT 00SOFTAIL",0,47.75883,59.62845
"ACCEL Motorcycle",ACC181100,181100,"ACCEL MOTORCYCLE STPLITE SWCH W/HDW.",0,23.87422,29.78307
"ACCEL Motorcycle",ACC181101,181101,"ACCEL MOTORCYCLE STPLITE SWCH",0,22.83576,28.62000
"ACCEL Motorcycle",ACC181102,181102,"ACCEL MOTORCYCLE OIL PRES.SW",0,23.87422,29.78307
"ACCEL Motorcycle",ACC181103,181103,"ACCEL MOTORCYCLE OIL PRES.SW",0,23.87422,29.55460
"ACCEL Motorcycle",ACC181104,181104,"ACCEL MOTORCYCLE OIL PRES.SW",0,20.75883,25.81615
"ACCEL Motorcycle",ACC192300,192300,"ACCEL MOTORCYCLE GEN BRUSH SET",0,34.25883,38.41268
"ACCEL Motorcycle",ACC192303,192303,"ACCEL MOTORCYCLE GENERATOR KIT",0,49.83576,56.06653
"ACCEL Motorcycle",ACC2001BB,2001BB,"ACCEL MOTORCYCLE EXH WRAP BULK 1X50' BLK""",0,79.95115,101.42653
"ACCEL Motorcycle",ACC2001BK,2001BK,"ACCEL MOTORCYCLE EXHAUST WRAP 1X50' BLACK""",0,83.06653,104.97807
"ACCEL Motorcycle",ACC2001BM,2001BM,"ACCEL MOTORCYCLE MATRIX WRAP BULK 1X50'""",0,82.02807,103.38922
"ACCEL Motorcycle",ACC2001BT,2001BT,"ACCEL MOTORCYCLE EXH WRAP BULK 1X50' TAN""",0,70.60500,89.49460
"ACCEL Motorcycle",ACC2001MW,2001MW,"ACCEL MOTORCYCLE MATRIX WRAP 1X50'""",0,103.83576,131.25115
"ACCEL Motorcycle",ACC2001TA,2001TA,"ACCEL MOTORCYCLE EXHAUST WRAP 1X50""TAN""",0,94.48960,119.25691
"ACCEL Motorcycle",ACC2002BB,2002BB,"ACCEL MOTORCYCLE EXH WRAP BULK 2X25'""",0,76.83576,97.43883
"ACCEL Motorcycle",ACC2002BK,2002BK,"ACCEL MOTORCYCLE EXHAUST WRAP KIT-2X25'""",0,89.29730,112.78730
"ACCEL Motorcycle",ACC2002BM,2002BM,"ACCEL MOTORCYCLE MATRIX WRAP BULK 2X25'""",0,82.02807,103.38922
"ACCEL Motorcycle",ACC2002BT,2002BT,"ACCEL MOTORCYCLE EXH WRAP BULK 2X25' TAN""",0,67.48960,85.48615
"ACCEL Motorcycle",ACC2002MW,2002MW,"ACCEL MOTORCYCLE MATRIX WRAP 2X25'""",0,103.83576,131.25115
"ACCEL Motorcycle",ACC2002TA,2002TA,"ACCEL MOTORCYCLE EXHAUST WRAP KIT-2X25'""",0,82.02807,103.38922
"ACCEL Motorcycle",ACC2007BK,2007BK,"ACCEL MOTORCYCLE SLEEVING KIT-BLACK",0,48.79730,61.62230
"ACCEL Motorcycle",ACC2007BL,2007BL,"ACCEL MOTORCYCLE SLEEVING KIT-BLUE",0,48.79730,61.62230
"ACCEL Motorcycle",ACC2007CH,2007CH,"ACCEL MOTORCYCLE SLEEVING KIT-CHROME",0,63.33576,79.52538
"ACCEL Motorcycle",ACC2007CR,2007CR,"ACCEL MOTORCYCLE SLEEVING KIT-CARBON",0,48.79730,61.62230
"ACCEL Motorcycle",ACC2007RD,2007RD,"ACCEL MOTORCYCLE SLEEVING KIT-RED",0,48.79730,61.62230
"ACCEL Motorcycle",ACC201100B,201100B,"ACCEL MOTORCYCLE VOLT REG",0,202.48960,242.05500
"ACCEL Motorcycle",ACC201100C,201100C,"ACCEL MOTORCYCLE REGULATOR VOLTAGE CHROME PLTED",0,239.87422,286.58422
"ACCEL Motorcycle",ACC201101B,201101B,"ACCEL MOTORCYCLE VOLT REG",0,191.06653,228.13960
"ACCEL Motorcycle",ACC201101C,201101C,"ACCEL MOTORCYCLE REGULATOR VOLTAGE CHROME PLTED",0,202.48960,242.05500
"ACCEL Motorcycle",ACC201102B,201102B,"ACCEL MOTORCYCLE VOLT REG",0,185.87422,222.57345
"ACCEL Motorcycle",ACC201102C,201102C,"ACCEL MOTORCYCLE REGULATOR VOLTAGE CHROME PLTED",0,202.48960,242.05500
"ACCEL Motorcycle",ACC201104B,201104B,"ACCEL MOTORCYCLE VOLT REG",0,178.60500,212.83268
"ACCEL Motorcycle",ACC201104C,201104C,"ACCEL MOTORCYCLE REGULATOR VOLTAGE CHROME PLTED",0,184.83576,221.18191
"ACCEL Motorcycle",ACC201105,201105,"ACCEL MOTORCYCLE VOLT REG",0,229.48960,274.06038
"ACCEL Motorcycle",ACC201105C,201105C,"ACCEL MOTORCYCLE VOLT REG",0,238.83576,285.19268
"ACCEL Motorcycle",ACC201106C,201106C,"ACCEL MOTORCYCLE VOLT REG",0,185.87422,222.57345
"ACCEL Motorcycle",ACC201107,201107,"ACCEL MOTORCYCLE VOLT REG",0,183.79730,219.79038
"ACCEL Motorcycle",ACC201107C,201107C,"ACCEL MOTORCYCLE VOLT REG",0,183.79730,219.79038
"ACCEL Motorcycle",ACC201118B,201118B,"ACCEL MOTORCYCLE VOLT REG",0,202.48960,242.05500
"ACCEL Motorcycle",ACC201118C,201118C,"ACCEL MOTORCYCLE REGULATOR VOLTAGE CHROME PLTED",0,207.68191,247.62115
"ACCEL Motorcycle",ACC201121B,201121B,"ACCEL MOTORCYCLE VOLT REG",0,180.68191,215.61576
"ACCEL Motorcycle",ACC201121C,201121C,"ACCEL MOTORCYCLE REGULATOR VOLTAGE CHROME PLTED",0,207.68191,247.62115
"ACCEL Motorcycle",ACC201122B,201122B,"ACCEL MOTORCYCLE VOLT REG",0,227.41268,271.27730
"ACCEL Motorcycle",ACC201122C,201122C,"ACCEL MOTORCYCLE REGULATOR VOLTAGE CHROME PLTED",0,290.75883,347.81191
"ACCEL Motorcycle",ACC201123B,201123B,"ACCEL MOTORCYCLE VOLT REG",0,225.33576,269.88576
"ACCEL Motorcycle",ACC201123C,201123C,"ACCEL MOTORCYCLE REGULATOR VOLTAGE CHROME PLTED",0,234.68191,281.01807
"ACCEL Motorcycle",ACC201124B,201124B,"ACCEL MOTORCYCLE 00 SOFTAIL REGULATOR BLACK",0,203.52807,243.44653
"ACCEL Motorcycle",ACC201124C,201124C,"ACCEL MOTORCYCLE 00 SOFTAIL REGULATOR CHROME",0,218.06653,260.14500
"ACCEL Motorcycle",ACC201125B,201125B,"ACCEL MOTORCYCLE 99-UP DYNA REGULATOR BLACK",0,197.29730,235.09730
"ACCEL Motorcycle",ACC201125C,201125C,"ACCEL MOTORCYCLE 99-UP DYNA REGULATOR CHROME",0,218.06653,260.14500
"ACCEL Motorcycle",ACC201126B,201126B,"ACCEL MOTORCYCLE RGLTR VLT 00-03 DY 01-06 ST BK",0,251.29730,300.49960
"ACCEL Motorcycle",ACC201126C,201126C,"ACCEL MOTORCYCLE RGLTR VLT 00-03 DY 01-06 ST CH",0,291.79730,349.20345
"ACCEL Motorcycle",ACC201127B,201127B,"ACCEL MOTORCYCLE REGLTR VLTG 97-01 FLH/FLT BLK",0,358.25883,428.52115
"ACCEL Motorcycle",ACC201127C,201127C,"ACCEL MOTORCYCLE REGLTR VLTG 97-01 FLH/FLT CHRM",0,395.64345,473.05038
"ACCEL Motorcycle",ACC201130B,201130B,"ACCEL MOTORCYCLE REGLTR VLTGE 94-03 SPSTR BLCK",0,202.48960,242.05500
"ACCEL Motorcycle",ACC201130C,201130C,"ACCEL MOTORCYCLE REGLTR VLTG 94-03 SPSTR CHRM",0,212.87422,254.57883
"ACCEL Motorcycle",ACC201131C,201131C,"ACCEL MOTORCYCLE REGLTR VLTG 07 SOFTL CHRM",0,253.37422,303.28268
"ACCEL Motorcycle",ACC201132C,201132C,"ACCEL MOTORCYCLE REGLTR VLTG 04-05 DYNA CHRM",0,314.64345,375.64268
"ACCEL Motorcycle",ACC201133C,201133C,"ACCEL MOTORCYCLE REGLTR VLTG 06-07 DYNA CHRM",0,314.64345,375.64268
"ACCEL Motorcycle",ACC201134C,201134C,"ACCEL MOTORCYCLE REGLTR VLTG 02-03 TOUR CHRM",0,439.25883,525.92883
"ACCEL Motorcycle",ACC201135C,201135C,"ACCEL MOTORCYCLE REGLTR VLTG 04-05 TOUR CHRM",0,439.25883,525.92883
"ACCEL Motorcycle",ACC201136C,201136C,"ACCEL MOTORCYCLE REGLTR VLTG 06-08 TOUR CHRM",0,439.25883,525.92883
"ACCEL Motorcycle",ACC201137C,201137C,"ACCEL MOTORCYCLE REGLTR VLTG 04-06 SPSTR CHRM",0,238.83576,285.19268
"ACCEL Motorcycle",ACC22911,22911,"ACCEL MOTORCYCLE 90 DEGREE SP BOOT-TERM 10 PK",0,66.45115,83.50268
"ACCEL Motorcycle",ACC22946,22946,"ACCEL MOTORCYCLE VARI-ANGLE SP BOOT-TERM 10 PK",0,88.25883,111.35422
"ACCEL Motorcycle",ACC23016A,23016A,"ACCEL MOTORCYCLE POINTS & COND KIT H/D 1948-69",0,38.41268,47.59268
"ACCEL Motorcycle",ACC23018A,23018A,"ACCEL MOTORCYCLE POIND & COND KIT H/D 1970-78",0,32.18191,40.72845
"ACCEL Motorcycle",ACC23103,23103,"ACCEL MOTORCYCLE IGN WIRE SET COPPR CORE YELLOW",0,11.41268,13.48960
"ACCEL Motorcycle",ACC23104,23104,"ACCEL MOTORCYCLE IGN WIRE SET COPPER CORE BLACK",0,9.33576,11.73460
"ACCEL Motorcycle",ACC23105,23105,"ACCEL MOTORCYCLE BATTERY CABLES H/D",0,19.72038,23.50038
"ACCEL Motorcycle",ACC23107,23107,"ACCEL MOTORCYCLE CABLES H/D BATTERY",0,19.72038,23.50038
"ACCEL Motorcycle",ACC23109,23109,"ACCEL MOTORCYCLE IGN WIR SET SUPRESION CORE BLK",0,11.41268,13.46883
"ACCEL Motorcycle",ACC23401,23401,"ACCEL MOTORCYCLE POINTS SET H/D",0,22.83576,27.82038
"ACCEL Motorcycle",ACC23402,23402,"ACCEL MOTORCYCLE POINTS SET H/D",0,14.52807,17.91345
"ACCEL Motorcycle",ACC23416,23416,"ACCEL MOTORCYCLE POINTS SET H/D",0,20.75883,25.78500
"ACCEL Motorcycle",ACC23500,23500,"ACCEL MOTORCYCLE CIRCUIT BREAKER 15 AMP",0,22.83576,28.08000
"ACCEL Motorcycle",ACC23501,23501,"ACCEL MOTORCYCLE CIRCUIT BREAKER 30 AMP",0,22.83576,28.08000
"ACCEL Motorcycle",ACC23502,23502,"ACCEL MOTORCYCLE SIGNAL FLASHER",0,14.52807,16.33500
"ACCEL Motorcycle",ACC23601,23601,"ACCEL MOTORCYCLE CONDENSER H/D",0,15.56653,19.47115
"ACCEL Motorcycle",ACC23850,23850,"ACCEL MOTORCYCLE IGN COIL H/D",0,100.72038,119.97345
"ACCEL Motorcycle",ACC23852,23852,"ACCEL MOTORCYCLE IGN COIL H/D",0,103.83576,123.51460
"ACCEL Motorcycle",ACC2401,2401,"ACCEL MOTORCYCLE SPARK PLUG 2-DISPLAY MC #137",0,18.68191,21.85960
"ACCEL Motorcycle",ACC2410A,2410A,"ACCEL MOTORCYCLE SPARK PLUG 2-DISPLAY MC #496",0,18.68191,21.85960
"ACCEL Motorcycle",ACC24130,24130,"ACCEL MOTORCYCLE STRAIGHT COIL BOOT-TERM 10 PK",0,66.45115,83.50268
"ACCEL Motorcycle",ACC24140,24140,"ACCEL MOTORCYCLE 90 DEGREE COIL BOOT-TERM 10 PK",0,70.60500,89.49460
"ACCEL Motorcycle",ACC24150,24150,"ACCEL MOTORCYCLE COIL STRTBOOT/TERM KIT STD",0,39.45115,49.68000
"ACCEL Motorcycle",ACC24160,24160,"ACCEL MOTORCYCLE COIL STRT BOOT/TERM KIT ABITS",0,41.52807,51.65307
"ACCEL Motorcycle",ACC24170,24170,"ACCEL MOTORCYCLE PLUG 90 DEG BOOT/TERM KIT",0,39.45115,49.68000
"ACCEL Motorcycle",ACC2418,2418,"ACCEL MOTORCYCLE SPARK PLUG 2-DISPLAY MC #882",0,18.68191,21.85960
"ACCEL Motorcycle",ACC33001,33001,"ACCEL MOTORCYCLE BLEEDER SCREWS QTY 10 PCS",0,25.95115,31.79768
"ACCEL Motorcycle",ACC33002,33002,"ACCEL MOTORCYCLE WHL CYL ASY",0,88.25883,111.35422
"ACCEL Motorcycle",ACC33007,33007,"ACCEL MOTORCYCLE WHL CYL KIT",0,44.64345,55.65115
"ACCEL Motorcycle",ACC35410,35410,"ACCEL MOTORCYCLE SINGLE FIRE SUPER SYSTEM",0,795.45115,1008.79268
"ACCEL Motorcycle",ACC35496,35496,"ACCEL MOTORCYCLE SINGLE/DUAL FIRE IGN. MODULE",0,543.10500,688.73883
"ACCEL Motorcycle",ACC35496RR,35496RR,"ACCEL MOTORCYCLE S/D REPL IGN MODULE A557 A577",0,506.75883,642.81807
"ACCEL Motorcycle",ACC40001B,40001B,"ACCEL MOTORCYCLE STARTER 1.4KW",0,723.79730,866.85576
"ACCEL Motorcycle",ACC40001C,40001C,"ACCEL MOTORCYCLE STARTER 1.4KW",0,800.64345,958.69730
"ACCEL Motorcycle",ACC40002C,40002C,"ACCEL MOTORCYCLE STARTER 1.8KW",0,836.98960,1001.83500
"ACCEL Motorcycle",ACC40003C,40003C,"ACCEL MOTORCYCLE STARTER HITACHI TYPE",0,394.60500,471.65883
"ACCEL Motorcycle",ACC40004C,40004C,"ACCEL MOTORCYCLE STARTER P/LITE TYPE",0,394.60500,471.65883
"ACCEL Motorcycle",ACC40005B,40005B,"ACCEL MOTORCYCLE STARTER 1.4KW",0,873.33576,1044.97268
"ACCEL Motorcycle",ACC40005C,40005C,"ACCEL MOTORCYCLE STARTER 1.4KW",0,887.87422,1063.06268
"ACCEL Motorcycle",ACC40006B,40006B,"ACCEL MOTORCYCLE STARTER 1.4KW",0,723.79730,866.85576
"ACCEL Motorcycle",ACC40006C,40006C,"ACCEL MOTORCYCLE STARTER 1.4KW",0,800.64345,958.69730
"ACCEL Motorcycle",ACC40110,40110,"ACCEL MOTORCYCLE START RELAY",0,45.68191,57.63460
"ACCEL Motorcycle",ACC40111,40111,"ACCEL MOTORCYCLE STRTR SOLENOID",0,83.06653,98.46691
"ACCEL Motorcycle",ACC40111B,40111B,"ACCEL MOTORCYCLE STARTER SOLENOID BLACK",0,91.37422,109.35000
"ACCEL Motorcycle",ACC40111C,40111C,"ACCEL MOTORCYCLE STRTR SOLND",0,120.45115,143.25576
"ACCEL Motorcycle",ACC40112,40112,"ACCEL MOTORCYCLE SOLENOID KIT",0,45.68191,53.66768
"ACCEL Motorcycle",ACC40114,40114,"ACCEL MOTORCYCLE STRTR SOLENOID",0,98.64345,117.30460
"ACCEL Motorcycle",ACC40114B,40114B,"ACCEL MOTORCYCLE STARTER SOLENOID BLACK",0,91.37422,109.35000
"ACCEL Motorcycle",ACC40114C,40114C,"ACCEL MOTORCYCLE STRTR SOLND",0,117.33576,140.47268
"ACCEL Motorcycle",ACC40116,40116,"ACCEL MOTORCYCLE STARTER SW",0,29.06653,33.76038
"ACCEL Motorcycle",ACC5105,5105,"ACCEL MOTORCYCLE KIT HI-FLO FUEL STRAIGHT",0,119.41268,151.60500
"ACCEL Motorcycle",ACC5106,5106,"ACCEL MOTORCYCLE KIT HI-FLO ROTATES HORIZONTAL",0,171.33576,193.35115
"ACCEL Motorcycle",ACC5107,5107,"ACCEL MOTORCYCLE KIT HI-FLO ROTATES VERTICAL",0,152.64345,193.35115
"ACCEL Motorcycle",ACC7121A,7121A,"ACCEL MOTORCYCLE GAUGE OIL PR",0,74.75883,89.51538
"ACCEL Motorcycle",ACC7121B,7121B,"ACCEL MOTORCYCLE OIL PRESSURE GAUGE 60PSI BLK",0,83.06653,98.46691
"ACCEL Motorcycle",ACC7122,7122,"ACCEL MOTORCYCLE OIL PRESS GAUGE",0,74.75883,89.51538
"ACCEL Motorcycle",ACC7122B,7122B,"ACCEL MOTORCYCLE OIL PRESSURE GAUGE 100 PSI BLK",0,103.83576,123.30691
"ACCEL Motorcycle",ACC8400ACC,8400ACC,"ACCEL MOTORCYCLE CYCLE TUNE-UP KIT",0,43.60500,51.90230
"ACCEL Motorcycle",ACC8401,8401,"ACCEL MOTORCYCLE TUNE KIT",0,29.06653,35.80615
"ACCEL Motorcycle",ACC8402ACC,8402ACC,"ACCEL MOTORCYCLE TUNE KIT",0,55.02807,69.57691
"ACCEL Motorcycle",ACCA554,A554,"ACCEL MOTORCYCLE ACCEL MOTORCYCLE ELCTNC CONV KIT",0,219.10500,247.62115
"ACCEL Motorcycle",ACCA556,A556,"ACCEL MOTORCYCLE ACCEL DIST BILLET BREAKERLESS ESPRK",0,630.33576,800.06191
"ACCEL Motorcycle",ACCA557,A557,"ACCEL MOTORCYCLE ACCEL DISTRBTR BIG TWIN W/REVLIMITER",0,794.41268,1007.40115
"ACCEL Motorcycle",ACCA566,A566,"ACCEL MOTORCYCLE ACCEL ELEC BRKLS IGN SYS SPORTSTER",0,219.10500,247.62115
"ACCEL Motorcycle",ACCA576,A576,"ACCEL MOTORCYCLE ACCEL DIST ESPRK52-70SPRSTTR30-73FLTHD",0,688.48960,780.58038
"ACCEL Motorcycle",ACCA577,A577,"ACCEL MOTORCYCLE ACCEL Distri Sprtstr W/Rev limiter",0,818.29730,1038.01500
"ACCEL Motorcycle",ACCA605,A605,"ACCEL MOTORCYCLE ACCEL MODLE ESPARK IGN HARLEYD",0,98.64345,111.65538
"ACCEL Motorcycle",ACCSP2410A,SP2410A,"ACCEL MOTORCYCLE SHOP PACK 2410A SPARK PLUGS",0,141.22038,168.30345
"ACCEL Motorcycle",ACCSP2410P,SP2410P,"ACCEL MOTORCYCLE SHOP PACK 2410P SPARK PLUGS",0,212.87422,254.57883
"ACCEL Motorcycle",ACCSP2418,SP2418,"ACCEL MOTORCYCLE SHOP PACK 2418 SPARK PLUGS",0,141.22038,168.30345
"ACCEL Motorcycle",ACCSP2418P,SP2418P,"ACCEL MOTORCYCLE SHOP PACK 2418P SPARK PLUGS",0,212.87422,254.57883
"ACCEL Motorcycle",ACCV304,V304,"ACCEL MOTORCYCLE ALUMINUM VICE JAWS",0,31.14345,37.02115
"ACCEL Motorcycle",ACCY2410P,Y2410P,"ACCEL MOTORCYCLE SPARK PLUG 2 PAK",0,30.10500,35.80615
"ACCEL Motorcycle",ACCY2418P,Y2418P,"ACCEL MOTORCYCLE SPARK PLUG 2 PAK",0,30.10500,35.80615
"ACL Distribution",ACL-6B1230A-.25,6B1230A-.25,"ACL Rod Bearing Mistubishi 6D14/15/16/17 .25 DISCONTINUED",0,8.33524,14.09387
"ACL Distribution",ACL-6B1230A-.50,6B1230A-.50,"ACL Rod Bearing Mistubishi 6D14/15/16/17 .50 DISCONTINUED",0,8.33524,14.09387
"ACL Distribution",ACL-6B1230A-.75,6B1230A-.75,"ACL Rod Bearing Mistubishi 6D14/15/16/17 .75 DISCONTINUED",0,8.33524,14.09387
"ACL Distribution",ACL-6B1230A-1.00,6B1230A-1.00,"ACL Rod Bearing Mistubishi 6D14/15/16/17 1.00 DISCONTINUED",0,8.33524,14.09387
"ACL Distribution",ACL-6B1230A-1.25,6B1230A-1.25,"ACL Rod Bearing Mistubishi 6D14/15/16/17 1.25 DISCONTINUED",0,8.33524,14.09387
"ACL Distribution",ACL-6B1230A-1.50,6B1230A-1.50,"ACL Rod Bearing Mistubishi 6D14/15/16/17 1.50 DISCONTINUED",0,8.33524,14.09387
"ACS COMPOSITE","ACS27-4-005 PRM","27-4-005 PRM","ACS C6 ZR1 Hood with Louvered Insert",0,2437.99000,2708.99000
"ACS COMPOSITE","ACS27-4-015 PRM","27-4-015 PRM","ACS SS9 functional louvered insert",0,243.99000,271.99000
"ACS COMPOSITE","ACS27-4-018 CFZ","27-4-018 CFZ","ACS C6 ZR1 Front Splitter",0,763.99000,848.99000
"ACS COMPOSITE","ACS27-4-018 PRM","27-4-018 PRM","ACS C6 ZR1 Front Splitter",0,471.99000,524.99000
"ACS COMPOSITE","ACS27-4-023 CFZ 27-4-027 TXT","27-4-023 CFZ 27-4-027 TXT","ACS C6 ZR1 Z06 Rockers w/ deflectors",0,1127.99000,1253.99000
"ACS COMPOSITE","ACS27-4-023 PRM 27-4-027 TXT","27-4-023 PRM 27-4-027 TXT","ACS C6 ZR1 Z06 Rockers w/ deflectors",0,786.99000,874.99000
"ACS COMPOSITE","ACS27-4-023 SBK 27-4-027 TXT","27-4-023 SBK 27-4-027 TXT","ACS C6 ZR1 Z06 Rockers",0,1111.99000,1235.99000
"ACS COMPOSITE",ACS27-4-026,27-4-026,"ACS C6 ZR1 Z06 Splitter Reinforcement",0,430.99000,478.99000
"ACS COMPOSITE","ACS27-4-027 CFZ","27-4-027 CFZ","ACS C6 ZR1 Z06 Rocker Deflector Set",0,292.99000,325.99000
"ACS COMPOSITE","ACS27-4-027 TXT","27-4-027 TXT","ACS C6 ZR1 Z06 Rocker Deflector Set",0,168.99000,187.99000
"ACS COMPOSITE","ACS27-4-028 CFZ","27-4-028 CFZ","ACS C6 ZR1 Z06 Rocker Deflector Set",0,292.99000,325.99000
"ACS COMPOSITE","ACS27-4-028 TXT","27-4-028 TXT","ACS C6 Base Rocker Deflector Set",0,217.99000,242.99000
"ACS COMPOSITE",ACS27-4-037,27-4-037,"ACS Installation kit for 24-4-013 and 27-4-015",0,48.99000,54.99000
"ACS COMPOSITE","ACS27-4-038 CFZ","27-4-038 CFZ","ACS C6 Zer06 NWB Splitter",0,926.99000,1029.99000
"ACS COMPOSITE","ACS27-4-038 PRM","27-4-038 PRM","ACS C6 Zero6 NWB Splitter",0,633.99000,704.99000
"ACS COMPOSITE","ACS27-4-039 CFZ","27-4-039 CFZ","ACS C6 Zero6 NWB Front Wheel Deflectors",0,242.99000,269.99000
"ACS COMPOSITE","ACS27-4-039 PRM","27-4-039 PRM","ACS C6 Zero6 NWB Front Wheel Deflectors",0,129.99000,144.99000
"ACS COMPOSITE","ACS27-4-041 CFZ","27-4-041 CFZ","ACS C6 Zero6 NWB Rockers",0,926.99000,1029.99000
"ACS COMPOSITE","ACS27-4-041 PRM","27-4-041 PRM","ACS C6 Zero6 NWB Rockers",0,682.99000,758.99000
"ACS COMPOSITE","ACS27-4-043 CFZ","27-4-043 CFZ","ACS C6 Zero6 Z06 GS Rockers",0,1048.99000,1165.99000
"ACS COMPOSITE","ACS27-4-043 PRM","27-4-043 PRM","ACS C6 Zero6 Z06 GS Rockers",0,682.99000,758.99000
"ACS COMPOSITE","ACS27-4-045 GBA","27-4-045 GBA","ACS C6 Racing Spoiler",0,876.99000,974.99000
"ACS COMPOSITE","ACS33-4-019 PRM","33-4-019 PRM","ACS Camaro SS 2010-13 T3 Splitter",0,454.99000,505.99000
"ACS COMPOSITE","ACS33-4-019 SBK","33-4-019 SBK","ACS Camaro SS 2010-13 T3 Splitter",0,633.99000,704.99000
"ACS COMPOSITE","ACS33-4-020 PRM","33-4-020 PRM","ACS Camaro V6 2010-13 T2 Splitter",0,697.99000,775.99000
"ACS COMPOSITE","ACS33-4-020 SBK","33-4-020 SBK","ACS Camaro V6 2010-13 T2 Splitter",0,812.99000,903.99000
"ACS COMPOSITE","ACS33-4-021 SBK","33-4-021 SBK","ACS Camaro SS 2010-13 T3 Splitter",0,633.99000,704.99000
"ACS COMPOSITE","ACS33-4-023 PRM","33-4-023 PRM","ACS Camaro Front T3 Splitter (Rad-Cool)",0,454.99000,505.99000
"ACS COMPOSITE","ACS33-4-023 SBK","33-4-023 SBK","ACS Camaro Front T3 Splitter (Rad-Cool)",0,633.99000,704.99000
"ACS COMPOSITE","ACS33-4-027 PRM","33-4-027 PRM","ACS Camaro 2010-13 Rockers",0,511.99000,568.99000
"ACS COMPOSITE","ACS33-4-027 SBK","33-4-027 SBK","ACS Camaro 2010-13 Rockers",0,723.99000,804.99000
"ACS COMPOSITE","ACS33-4-027 TXT","33-4-027 TXT","ACS Camaro 2010-13 Rockers",0,723.99000,804.99000
"ACS COMPOSITE","ACS33-4-030 PRM","33-4-030 PRM","ACS Camaro 2010-13 T2 Bumper",0,1381.99000,1535.99000
"ACS COMPOSITE","ACS33-4-032 PRM","33-4-032 PRM","ACS Camaro 2010-13 T2 Bumper",0,1381.99000,1535.99000
"ACS COMPOSITE","ACS33-4-035 PRM","33-4-035 PRM","ACS Camaro V6 2010-13 T2 Bumper Ports",0,485.99000,539.99000
"ACS COMPOSITE","ACS33-4-036 PRM","33-4-036 PRM","ACS Camaro SS 2010-13 T3/s Bumper Ports",0,422.99000,469.99000
"ACS COMPOSITE","ACS33-4-038 PRM","33-4-038 PRM","ACS Camaro 2010-13 T3/s Bumper",0,1381.99000,1535.99000
"ACS COMPOSITE","ACS33-4-042 PRM","33-4-042 PRM","ACS Camaro SS 2010-13 T3/s Bumper Ports",0,1267.99000,1408.99000
"ACS COMPOSITE","ACS33-4-069 CFZ","33-4-069 CFZ","ACS Camaro 2010-15 Coupe Int. Deck Liner",0,438.99000,487.99000
"ACS COMPOSITE","ACS33-4-069 PRM","33-4-069 PRM","ACS Camaro 2010-15 Coupe Int. Deck Liner",0,315.99000,351.99000
"ACS COMPOSITE","ACS33-4-073 CFZ","33-4-073 CFZ","ACS Camaro SS 2010-13 Functional Rad Support",0,422.99000,469.99000
"ACS COMPOSITE","ACS33-4-073 PRM","33-4-073 PRM","ACS Camaro SS 2010-13 Functional Rad Support",0,211.99000,235.99000
"ACS COMPOSITE",ACS33-4-077,33-4-077,"ACS Camaro Badge",0,32.99000,36.99000
"ACS COMPOSITE",ACS33-4-079,33-4-079,"ACS EagleT3 Triple Horizontal T3 Lighting Kit",0,243.99000,271.99000
"ACS COMPOSITE",ACS33-4-081,33-4-081,"ACS EagleT3 Triple Vertical Lighting Kit",0,243.99000,271.99000
"ACS COMPOSITE",ACS33-4-082,33-4-082,"ACS Single Eagle T",0,58.99000,65.99000
"ACS COMPOSITE",ACS33-4-083,33-4-083,"ACS EagleT2 Single Lighting Kit",0,121.99000,135.99000
"ACS COMPOSITE",ACS33-4-085,33-4-085,"ACS EagleT2 Triple Vertical Lighting Kit",0,243.99000,271.99000
"ACS COMPOSITE",ACS33-4-086,33-4-086,"ACS EagleT Triple Lighting Universal Kit",0,162.99000,181.99000
"ACS COMPOSITE",ACS33-4-087,33-4-087,"ACS EagleT2 Triple Vertical Lighting Kit",0,243.99000,271.99000
"ACS COMPOSITE",ACS33-4-088,33-4-088,"ACS EagleT Quad Lighting Universal Kit",0,243.99000,271.99000
"ACS COMPOSITE",ACS33-4-089,33-4-089,"ACS EagleT3 Single Lighting Kit",0,121.99000,135.99000
"ACS COMPOSITE",ACS33-4-091,33-4-091,"ACS ACS Eagle-T2 Quad LED Lighting Kit",0,324.99000,361.99000
"ACS COMPOSITE",ACS33-4-092,33-4-092,"ACS ACS T2 SIX PACK EAGLET LIGHTING KIT",0,324.99000,361.99000
"ACS COMPOSITE","ACS33-4-093 PRM","33-4-093 PRM","ACS Camaro 2012-15 Zl1 Hood Insert",0,755.99000,839.99000
"ACS COMPOSITE","ACS33-4-094 PRM","33-4-094 PRM","ACS Camaro Zl1 2012-15 Zl1 Deflector",0,178.99000,198.99000
"ACS COMPOSITE","ACS33-4-095 PRM","33-4-095 PRM","ACS Camaro 2010-15 TL1 Hood Insert",0,755.99000,839.99000
"ACS COMPOSITE","ACS33-4-097 PRM","33-4-097 PRM","ACS Camaro SS 2010-13 T4 Bumper Ports",0,485.99000,539.99000
"ACS COMPOSITE","ACS33-4-099 PRM","33-4-099 PRM","ACS Camaro SS 2010-13 T4 Splitter",0,471.99000,524.99000
"ACS COMPOSITE","ACS33-4-099 SBK","33-4-099 SBK","ACS Camaro SS 2010-13 T4 Splitter",0,649.99000,722.99000
"ACS COMPOSITE","ACS33-4-101 PRM","33-4-101 PRM","ACS Camaro V6 2010-13 T5 Splitter",0,471.99000,524.99000
"ACS COMPOSITE","ACS33-4-101 SBK","33-4-101 SBK","ACS Camaro V6 2010-13 T5 Splitter",0,649.99000,722.99000
"ACS COMPOSITE","ACS33-4-105 PRM","33-4-105 PRM","ACS Camaro 2012-15 Zl1 T1 Bumper Ports",0,485.99000,539.99000
"ACS COMPOSITE","ACS33-4-109 PRM","33-4-109 PRM","ACS Camaro 2010-15 Bigmouth Bumper Port",0,649.99000,722.99000
"ACS COMPOSITE","ACS33-4-111 PRM","33-4-111 PRM","ACS Camaro 2010-15 Lateral RQ Ports",0,389.99000,433.99000
"ACS COMPOSITE","ACS33-4-113 PRM","33-4-113 PRM","ACS Camaro SS 2010-13 T4 Front Wheel Deflectors",0,162.99000,181.99000
"ACS COMPOSITE","ACS33-4-113 SBK","33-4-113 SBK","ACS Camaro SS 2010-13 T4 Front Wheel Deflectors",0,194.99000,216.99000
"ACS COMPOSITE",ACS33-4-115,33-4-115,"ACS Camaro SS 2010-13 T4 Splitter Undertray",0,219.99000,244.99000
"ACS COMPOSITE","ACS33-4-117 PRM","33-4-117 PRM","ACS Camaro 2010-13 V6 14-15 Hoodliner",0,422.99000,469.99000
"ACS COMPOSITE","ACS33-4-119 PRM","33-4-119 PRM","ACS Camaro 2010-13 V6 14-15 T3 Hoodliner",0,414.99000,461.99000
"ACS COMPOSITE","ACS33-4-121 PRM","33-4-121 PRM","ACS Camaro 2010-13 V6 14-15 Tl1 Hoodliner",0,414.99000,461.99000
"ACS COMPOSITE","ACS33-4-123 PRM","33-4-123 PRM","ACS Camaro 2010-13 V6 14-15 T3 Tl1 Hoodliner",0,414.99000,461.99000
"ACS COMPOSITE","ACS33-4-125 PRM","33-4-125 PRM","ACS Camaro 2010-15 Rocker Winglet",0,194.99000,216.99000
"ACS COMPOSITE","ACS33-4-125 SBK","33-4-125 SBK","ACS Camaro 2010-15 Rocker Winglet",0,292.99000,325.99000
"ACS COMPOSITE","ACS33-4-128 PRM","33-4-128 PRM","ACS Camaro 2010-13 T4 Bumper",0,1381.99000,1535.99000
"ACS COMPOSITE","ACS33-4-130 PRM","33-4-130 PRM","ACS Camaro 2010-13 T1 Bumper",0,1543.99000,1715.99000
"ACS COMPOSITE","ACS33-4-131 PRM","33-4-131 PRM","ACS Camaro 2010-13 Front Wheel Splash Guard",0,138.99000,154.99000
"ACS COMPOSITE","ACS33-4-131 SBK","33-4-131 SBK","ACS Camaro 2010-13 Front Wheel Splash Guard",0,243.99000,271.99000
"ACS COMPOSITE",ACS33-4-132,33-4-132,"ACS Camaro Zl1 Bumper Splitter",0,291.99000,324.99000
"ACS COMPOSITE","ACS33-4-133 TXT","33-4-133 TXT","ACS Camaro 2010-13 Rear Splash Guard",0,146.99000,163.99000
"ACS COMPOSITE","ACS33-4-137 PRM","33-4-137 PRM","ACS Camaro 2010-13 Rear Bumper Extensions",0,211.99000,235.99000
"ACS COMPOSITE","ACS33-4-137 SBK","33-4-137 SBK","ACS Camaro 2010-13 Rear Bumper Extensions",0,308.99000,343.99000
"ACS COMPOSITE","ACS33-4-137 TXT","33-4-137 TXT","ACS Camaro 2010-13 Rear Bumper Extensions",0,308.99000,343.99000
"ACS COMPOSITE","ACS33-4-139 PRM","33-4-139 PRM","ACS Camaro 2010-15 Coupe RQ Upper Ports",0,812.99000,903.99000
"ACS COMPOSITE","ACS33-4-141 PRM","33-4-141 PRM","ACS Camaro 2010-13 V6 14-15 T10 Hood Insert",0,487.99000,542.99000
"ACS COMPOSITE","ACS33-4-143 PRM","33-4-143 PRM","ACS Camaro 2010-13 V6 14-15 T10 Window Hood Insert",0,812.99000,903.99000
"ACS COMPOSITE","ACS33-4-151 PRM","33-4-151 PRM","ACS Camaro 2010-13 Front Wheel Deflectors",0,162.99000,181.99000
"ACS COMPOSITE","ACS33-4-155 CFZ","33-4-155 CFZ","ACS Camaro 2010-13 Z28 Spoiler",0,1104.99000,1227.99000
"ACS COMPOSITE","ACS33-4-155 PRM","33-4-155 PRM","ACS Camaro 2010-13 Z28 Spoiler",0,812.99000,903.99000
"ACS COMPOSITE","ACS33-4-155 SBK","33-4-155 SBK","ACS Camaro 2010-13 Z28 Spoiler",0,991.99000,1102.99000
"ACS COMPOSITE","ACS33-4-157 PRM","33-4-157 PRM","ACS Camaro 2010-13 V6 14-15 T10 Hood Insert",0,690.99000,767.99000
"ACS COMPOSITE","ACS33-4-159 CFZ","33-4-159 CFZ","ACS Camaro 2012 13 ZL1 Z28 Spoiler",0,1104.99000,1227.99000
"ACS COMPOSITE","ACS33-4-159 PRM","33-4-159 PRM","ACS Camaro 2012 13 ZL1 Z28 Spoiler",0,812.99000,903.99000
"ACS COMPOSITE","ACS33-4-159 SBK","33-4-159 SBK","ACS Camaro 2012 13 ZL1 Z28 Spoiler",0,991.99000,1102.99000
"ACS COMPOSITE",ACS33-4-161,33-4-161,"ACS Dual LED lighting with harness for Hoodliner",0,129.99000,144.99000
"ACS COMPOSITE","ACS33-4-163 CFZ","33-4-163 CFZ","ACS Camaro 2010-13 Z28 Spoiler with Wicker HD",0,1226.99000,1363.99000
"ACS COMPOSITE","ACS33-4-163 PRM","33-4-163 PRM","ACS Camaro 2010-13 Z28 Spoiler with Wicker HD",0,877.99000,975.99000
"ACS COMPOSITE","ACS33-4-163 SBK","33-4-163 SBK","ACS Camaro 2010-13 Z28 Spoiler with Wicker HD",0,1056.99000,1174.99000
"ACS COMPOSITE","ACS33-4-165 PRM","33-4-165 PRM","ACS Camaro 2010-13 Z28 Spoiler with Wicker HD",0,861.99000,957.99000
"ACS COMPOSITE","ACS33-4-167 PRM","33-4-167 PRM","ACS Camaro 2012-13 Zl1 Z28 Spoiler with Wicker HD",0,861.99000,957.99000
"ACS COMPOSITE",ACS33-4-169,33-4-169,"ACS Camaro Spoiler Wicker Smoked",0,227.99000,253.99000
"ACS COMPOSITE",ACS33-4-170,33-4-170,"ACS Camaro Spoiler Wicker Gloss Black",0,227.99000,253.99000
"ACS COMPOSITE","ACS33-4-171 TXT","33-4-171 TXT","ACS Camaro 2010-13 LT 14-15 4Teen Water Tray",0,227.99000,253.99000
"ACS COMPOSITE",ACS33-4-175,33-4-175,"ACS Camaro 210-13 Lt 14-15 4Teen Hood Insert",0,479.99000,533.99000
"ACS COMPOSITE",ACS33-4-177,33-4-177,"ACS Camaro 2010-15 Gen5 Fender Insert w/LED",0,487.99000,542.99000
"ACS COMPOSITE","ACS33-4-177 GBA","33-4-177 GBA","ACS Camaro 2010-15 Gen5 Fender Insert w/LED",0,649.99000,722.99000
"ACS COMPOSITE","ACS45-4-001 CFZ","45-4-001 CFZ","ACS C7 Stingray Zero1 Rockers",0,1031.99000,1146.99000
"ACS COMPOSITE","ACS45-4-001 PRM","45-4-001 PRM","ACS C7 Stingray Zero1 Rockers",0,739.99000,822.99000
"ACS COMPOSITE","ACS45-4-001 TXT","45-4-001 TXT","ACS C7 Stingray Zero1 Rockers",0,1031.99000,1146.99000
"ACS COMPOSITE","ACS45-4-003 CFZ","45-4-003 CFZ","ACS ACS-C7 Splitter",0,1072.99000,1192.99000
"ACS COMPOSITE","ACS45-4-003 PRM","45-4-003 PRM","ACS ACS-C7 Splitter",0,739.99000,822.99000
"ACS COMPOSITE","ACS45-4-007 CFZ","45-4-007 CFZ","ACS ACS-C7 Stingray Front Deflectors",0,259.99000,288.99000
"ACS COMPOSITE","ACS45-4-007 PRM","45-4-007 PRM","ACS ACS-C7 Stingray Front Deflectors",0,162.99000,181.99000
"ACS COMPOSITE","ACS45-4-009 PRM","45-4-009 PRM","ACS C7 FRP Zero7 Hood Primer",0,2274.99000,2527.99000
"ACS COMPOSITE","ACS45-4-011 CFZ","45-4-011 CFZ","ACS C7 FIVE1 RQ Ports",0,357.99000,397.99000
"ACS COMPOSITE","ACS45-4-014 CFZ","45-4-014 CFZ","ACS C7 Stingray Zero7 Rocker Pass",0,731.99000,813.99000
"ACS COMPOSITE","ACS45-4-014 PRM","45-4-014 PRM","ACS C7 Stingray Zero7 Rocker Pass",0,487.99000,542.99000
"ACS COMPOSITE","ACS45-4-014 TXT","45-4-014 TXT","ACS C7 Stingray Zero7 Rocker Pass",0,714.99000,794.99000
"ACS COMPOSITE","ACS45-4-015 CFZ","45-4-015 CFZ","ACS C7 Stingray Zero7 Rockers CFZ",0,1031.99000,1146.99000
"ACS COMPOSITE","ACS45-4-015 PRM","45-4-015 PRM","ACS C7 Stingray Zero7 Primer",0,739.99000,822.99000
"ACS COMPOSITE","ACS45-4-016 CFZ","45-4-016 CFZ","ACS C7 Stingray Zero7 Rocker Drv",0,779.99000,866.99000
"ACS COMPOSITE","ACS45-4-016 PRM","45-4-016 PRM","ACS C7 Stingray Zero7 Rocker Drv",0,552.99000,614.99000
"ACS COMPOSITE","ACS45-4-016 TXT","45-4-016 TXT","ACS C7 Stingray Zero7 Rocker Drv",0,779.99000,866.99000
"ACS COMPOSITE","ACS45-4-017 CFZ","45-4-017 CFZ","ACS C7 Five1 Grill",0,1299.99000,1444.99000
"ACS COMPOSITE","ACS45-4-018 CFZ","45-4-018 CFZ","ACS C7 Five1 Grill with Camera",0,1543.99000,1715.99000
"ACS COMPOSITE","ACS45-4-019 CFZ","45-4-019 CFZ","ACS C7 Five1 Grill Int. 5 Pod LED CFZ",0,1665.99000,1851.99000
"ACS COMPOSITE","ACS45-4-020 CFZ","45-4-020 CFZ","ACS C7 Five1 Grill Int Continuous LED CFZ",0,1779.99000,1977.99000
"ACS COMPOSITE","ACS45-4-021 CFZ","45-4-021 CFZ","ACS C7 Five1 Grill Int. 5 Pod LED CFZ with Camera",0,1665.99000,1851.99000
"ACS COMPOSITE","ACS45-4-022 CFZ","45-4-022 CFZ","ACS C7 Five1 Grill Int Continuous LED CFZ with Camera",0,2023.99000,2248.99000
"ACS COMPOSITE","ACS45-4-023 PRM","45-4-023 PRM","ACS C7 Stingray Coupe Widebody No Scoop",0,4184.99000,4649.99000
"ACS COMPOSITE","ACS45-4-025 CFZ","45-4-025 CFZ","ACS C7 Diffuser Fins 1 set",0,454.99000,505.99000
"ACS COMPOSITE","ACS45-4-027 CFZ","45-4-027 CFZ","ACS ACS-C7 Stingray Front Deflectors No Spats",0,259.99000,288.99000
"ACS COMPOSITE","ACS45-4-028 PRM","45-4-028 PRM","ACS C7 Z06 Rocker Pass",0,487.99000,542.99000
"ACS COMPOSITE","ACS45-4-028 TXT","45-4-028 TXT","ACS C7 Z06 Rocker Pas",0,714.99000,794.99000
"ACS COMPOSITE","ACS45-4-029 CFZ","45-4-029 CFZ","ACS C7 Z06 GS Zero7 Rockers",0,1064.99000,1183.99000
"ACS COMPOSITE","ACS45-4-029 PRM","45-4-029 PRM","ACS C7 Z06 GS Zero7 Rockers Primer",0,739.99000,822.99000
"ACS COMPOSITE","ACS45-4-030 CFZ","45-4-030 CFZ","ACS C7 Z06 Rocker Drv",0,779.99000,866.99000
"ACS COMPOSITE","ACS45-4-030 PRM","45-4-030 PRM","ACS C7 Z06 Rocker Drv",0,552.99000,614.99000
"ACS COMPOSITE","ACS45-4-030 TXT","45-4-030 TXT","ACS C7 Z06 Rocker Drv",0,779.99000,866.99000
"ACS COMPOSITE","ACS45-4-031 CFZ","45-4-031 CFZ","ACS C7 Five1 Front Spoiler",0,942.99000,1047.99000
"ACS COMPOSITE","ACS45-4-031 PRM","45-4-031 PRM","ACS C7 Five1 Front Spoiler",0,649.99000,722.99000
"ACS COMPOSITE","ACS45-4-035 CFZ","45-4-035 CFZ","ACS C7 Stingray Five1 Front Deflectors",0,316.99000,352.99000
"ACS COMPOSITE","ACS45-4-035 PRM","45-4-035 PRM","ACS C7 Stingray Five1 Front Deflectors",0,211.99000,235.99000
"ACS COMPOSITE","ACS45-4-036 CFZ","45-4-036 CFZ","ACS C7 Corvette Five1 Front Splitter Bridge",0,284.99000,316.99000
"ACS COMPOSITE","ACS45-4-036 PRM","45-4-036 PRM","ACS C7 Corvette Five1 Front Splitter Bridge",0,146.99000,163.99000
"ACS COMPOSITE","ACS45-4-037 CFZ","45-4-037 CFZ","ACS C7 ACS-Z06 Splitter",0,958.99000,1065.99000
"ACS COMPOSITE","ACS45-4-037 PRM","45-4-037 PRM","ACS C7 ACS-Z06 Splitter",0,666.99000,741.99000
"ACS COMPOSITE","ACS45-4-037 TXT","45-4-037 TXT","ACS C7 ACS-Z06 Splitter",0,958.99000,1065.99000
"ACS COMPOSITE","ACS45-4-055 CFZ","45-4-055 CFZ","ACS C7 Z06 GS Zero1 Rockers",0,1064.99000,1183.99000
"ACS COMPOSITE","ACS45-4-055 PRM","45-4-055 PRM","ACS C7 Z06 GS Zero1 Rockers",0,739.99000,822.99000
"ACS COMPOSITE","ACS45-4-055 SBK","45-4-055 SBK","ACS C7 Z06 GS Zero1 Rockers",0,1064.99000,1183.99000
"ACS COMPOSITE","ACS45-4-059 CFZ","45-4-059 CFZ","ACS C7 ACS-Z06 Splitter with Undertray",0,1145.99000,1273.99000
"ACS COMPOSITE","ACS45-4-059 PRM","45-4-059 PRM","ACS C7 ACS-Z06 Splitter with Undertray",0,853.99000,948.99000
"ACS COMPOSITE","ACS45-4-061 CFZ","45-4-061 CFZ","ACS C7 Stingray Five1 Wicker Conversion Kit",0,463.99000,515.99000
"ACS COMPOSITE","ACS45-4-063 TXT","45-4-063 TXT","ACS C7 Front Splash Guards",0,170.99000,189.99000
"ACS COMPOSITE","ACS45-4-067 CFZ","45-4-067 CFZ","ACS C7 Front Splash Guards",0,298.99000,332.99000
"ACS COMPOSITE","ACS45-4-073 PRM","45-4-073 PRM","ACS C7 Stingray Coupe Widebody with Lower Scoop",0,4184.99000,4649.99000
"ACS COMPOSITE","ACS45-4-077 CFZ","45-4-077 CFZ","ACS C7 Stage 2 Winglets",0,178.99000,198.99000
"ACS COMPOSITE","ACS45-4-077 PRM","45-4-077 PRM","ACS C7 Stage 2 Winglets",0,121.99000,135.99000
"ACS COMPOSITE","ACS45-4-079 CFZ","45-4-079 CFZ","ACS C7 Z06 Stage 3 Deflectors",0,583.99000,648.99000
"ACS COMPOSITE",ACS45-4-081,45-4-081,"ACS C7 Five1 License Plate Holder",0,48.99000,54.99000
"ACS COMPOSITE","ACS45-4-083 CFZ","45-4-083 CFZ","ACS c7 Stingray Stage 3 Deflectors",0,568.99000,632.99000
"ACS COMPOSITE","ACS45-4-083 PRM","45-4-083 PRM","ACS C7 Stingray Stage 3 Deflectors",0,438.99000,487.99000
"ACS COMPOSITE","ACS45-4-085 CFZ","45-4-085 CFZ","ACS C7 Stingray Rear Five1 Bridge Wicker",0,259.99000,288.99000
"ACS COMPOSITE","ACS45-4-091 TXT","45-4-091 TXT","ACS C7 Rear Splash Guards",0,146.99000,163.99000
"ACS COMPOSITE","ACS45-4-095 CFZ","45-4-095 CFZ","ACS C7 Rear Splash Guards",0,219.99000,244.99000
"ACS COMPOSITE",ACS45-4-096,45-4-096,"ACS C7 Diffuser Fins 2x2",0,544.99000,605.99000
"ACS COMPOSITE","ACS45-4-097 CFZ","45-4-097 CFZ","ACS C7 Diffuser Fins 2x2",0,658.99000,732.99000
"ACS COMPOSITE","ACS45-4-099 CFZ","45-4-099 CFZ","ACS C7 Diffuser Fins 3 per side",0,820.99000,912.99000
"ACS COMPOSITE","ACS45-4-101 PRM","45-4-101 PRM","ACS C7 Stingray Conv. WB w/ No LR Scoop",0,4184.99000,4649.99000
"ACS COMPOSITE","ACS45-4-103 PRM","45-4-103 PRM","ACS C7 Stingray Conv WB with LR Scoop",0,4509.99000,5011.99000
"ACS COMPOSITE","ACS45-4-110 CFZ","45-4-110 CFZ","ACS C7 Z06 Stage 1 Wickers",0,334.99000,372.99000
"ACS COMPOSITE",ACS45-4-112,45-4-112,"ACS C7 Z06 S3 Polycarbonate Wicker",0,583.99000,648.99000
"ACS COMPOSITE",ACS45-4-113,45-4-113,"ACS C7 Z06 S3 Wickers and Bridge",0,927.99000,1031.99000
"ACS COMPOSITE","ACS45-4-116 CFZ","45-4-116 CFZ","ACS C7 Z06 S2.5 Winglets",0,481.99000,535.99000
"ACS COMPOSITE","ACS45-4-117 CFZ","45-4-117 CFZ","ACS C7 Stingray Five1 Wicker Bolt on",0,454.99000,505.99000
"ACS COMPOSITE","ACS45-4-119 CFZ","45-4-119 CFZ","ACS C7 Tonneau Insert w/ WS CFZ",0,1251.99000,1391.99000
"ACS COMPOSITE","ACS45-4-119 G8G","45-4-119 G8G","ACS C7 Tonneau Insert w/ WS Artic White",0,1251.99000,1391.99000
"ACS COMPOSITE","ACS45-4-119 GBA","45-4-119 GBA","ACS C7 Tonneau Insert w/ WS Gloss Black",0,1251.99000,1391.99000
"ACS COMPOSITE","ACS45-4-119 GKZ","45-4-119 GKZ","ACS C7 Tonneau Insert w/ WS Toch Red",0,1251.99000,1391.99000
"ACS COMPOSITE","ACS45-4-119 PRM","45-4-119 PRM","ACS C7 Tonneau Insert w/ WS Primer",0,958.99000,1065.99000
"ACS COMPOSITE","ACS45-4-123 CFZ","45-4-123 CFZ","ACS C7 Stingray LRQ Z06 Scoop with no duct work",0,844.99000,938.99000
"ACS COMPOSITE","ACS45-4-123 G1B","45-4-123 G1B","ACS C7 Stingray LRQ Z06 Scoop with no duct work Fusion Grey",0,844.99000,938.99000
"ACS COMPOSITE","ACS45-4-123 G7Q","45-4-123 G7Q","ACS C7 Stingray LRQ Z06 Scoop with no duct work Watkins Grey",0,844.99000,938.99000
"ACS COMPOSITE","ACS45-4-123 G8G","45-4-123 G8G","ACS C7 Stingray LRQ Z06 Scoop with no duct work Artic White",0,844.99000,938.99000
"ACS COMPOSITE","ACS45-4-123 GBA","45-4-123 GBA","ACS C7 Stingray LRQ Z06 Scoop with no duct work Gloss Black",0,844.99000,938.99000
"ACS COMPOSITE","ACS45-4-123 GBV","45-4-123 GBV","ACS C7 Stingray LRQ Z06 Scoop with no ductwork Cyber Grey",0,844.99000,938.99000
"ACS COMPOSITE","ACS45-4-123 GKZ","45-4-123 GKZ","ACS C7 Stingray LRQ Z06 Scoop with no duct work Torch Red",0,844.99000,938.99000
"ACS COMPOSITE","ACS45-4-123 PRM","45-4-123 PRM","ACS C7 Stingray LRQ Z06 Scoop with no duct work",0,617.99000,686.99000
"ACS COMPOSITE","ACS45-4-125 CFZ","45-4-125 CFZ","ACS C7 Stingray Z06 Spoiler Base",0,1351.99000,1502.99000
"ACS COMPOSITE","ACS45-4-127 CFZ","45-4-127 CFZ","ACS Corvette C7 Z06 RQ Upper Scoop",0,364.99000,405.99000
"ACS COMPOSITE","ACS45-4-129 CFZ","45-4-129 CFZ","ACS C7 Stingray Five1 Rear Wicker Bolt on Bridge CFZ",0,261.99000,291.99000
"ACS COMPOSITE","ACS45-4-130 CFZ","45-4-130 CFZ","ACS Z06 Emblem Kit CFZ",0,254.99000,283.99000
"ACS COMPOSITE","ACS45-4-131 CFZ","45-4-131 CFZ","ACS C7 CFZ Emblem kit Coupe",0,437.99000,486.99000
"ACS COMPOSITE","ACS45-4-133 CFZ","45-4-133 CFZ","ACS C7 CFZ Emblem Convertible",0,291.99000,324.99000
"ACS COMPOSITE","ACS45-4-134 CFZ","45-4-134 CFZ","ACS C7 Stingray Fender Logo CFZ",0,182.99000,203.99000
"ACS COMPOSITE",ACS45-4-135,45-4-135,"ACS C7 Z06 Stingray Grill No Camera",0,525.99000,584.99000
"ACS COMPOSITE",ACS45-4-137,45-4-137,"ACS C7 Z06 Stingray Grill with Camera",0,802.99000,892.99000
"ACS COMPOSITE","ACS45-4-139 PRM","45-4-139 PRM","ACS C7 Stingray Hoodliner",0,617.99000,686.99000
"ACS COMPOSITE","ACS45-4-143 PRM","45-4-143 PRM","ACS C7 Stingray LR Z06 Scoop for GM Kit",0,633.99000,704.99000
"ACS COMPOSITE","ACS45-4-145 PRM","45-4-145 PRM","ACS C7 Stingray Coupe GM WB",0,5848.99000,6498.99000
"ACS COMPOSITE",ACS45-4-149,45-4-149,"ACS C7 Stingray LRQ Duct work for Z51 Coupe",0,219.99000,244.99000
"ACS COMPOSITE",ACS45-4-151,45-4-151,"ACS C7 Stingray LRQ Duct work for Non-Z51 Coupe",0,292.99000,325.99000
"ACS COMPOSITE","ACS45-4-157 PRM","45-4-157 PRM","ACS C7 Stingray Conv GM WB",0,5848.99000,6498.99000
"ACS COMPOSITE","ACS45-4-159 CFZ","45-4-159 CFZ","ACS C7 Corvette Stage 1 Splitter",0,729.99000,811.99000
"ACS COMPOSITE","ACS45-4-159 TXT","45-4-159 TXT","ACS C7 Corvette Stage 1 Splitter",0,327.99000,364.99000
"ACS COMPOSITE","ACS45-4-161 CFZ","45-4-161 CFZ","ACS C7 Rockers",0,877.99000,975.99000
"ACS COMPOSITE","ACS45-4-161 TXT","45-4-161 TXT","ACS C7 Rockers",0,648.99000,721.99000
"ACS COMPOSITE","ACS45-4-171 CFZ","45-4-171 CFZ","ACS C7 Corvette Z06 Hood Extractor",0,893.99000,993.99000
"ACS COMPOSITE",ACS45-4-172,45-4-172,"ACS C7 Black LED Side-marker (Set of 4)",0,408.99000,454.99000
"ACS COMPOSITE",ACS45-4-173,45-4-173,"ACS C7 Black LED SM & Reflector kit (Set of 6)",0,583.99000,648.99000
"ACS COMPOSITE",ACS45-4-174,45-4-174,"ACS C7 Black Rear Reflectror (Set of 2)",0,217.99000,242.99000
"ACS COMPOSITE",ACS45-4-175,45-4-175,"ACS C7 Black Wheel Center Cap",0,291.99000,324.99000
"ACS COMPOSITE",ACS45-4-176,45-4-176,"ACS Black Lug Nut Set",0,131.99000,146.99000
"ACS COMPOSITE","ACS45-4-177 CFZ","45-4-177 CFZ","ACS C7 Z06 GS Brake Scoop Covers",0,243.99000,271.99000
"ACS COMPOSITE","ACS45-4-177 HCB","45-4-177 HCB","ACS C7 Z06 GS Brake Scoop Covers",0,154.99000,172.99000
"ACS COMPOSITE","ACS45-4-181 CFZ","45-4-181 CFZ","ACS C7 Stingray Rear Extension CFZ",0,243.99000,271.99000
"ACS COMPOSITE","ACS45-4-181 HCB","45-4-181 HCB","ACS C7 Stingray Rear Extension",0,243.99000,271.99000
"ACS COMPOSITE","ACS45-4-183 CFZ","45-4-183 CFZ","ACS C7 Z06 Rear Extension CFZ",0,243.99000,271.99000
"ACS COMPOSITE","ACS45-4-183 HCB","45-4-183 HCB","ACS C7 Z06 GS Rear Extension",0,243.99000,271.99000
"ACS COMPOSITE","ACS45-4-185 PRM","45-4-185 PRM","ACS C7 Zero7 FRP Window Hood",0,2599.99000,2888.99000
"ACS COMPOSITE",ACS45-4-188,45-4-188,"ACS C7 Clear LED Reflector (Set of 2)",0,217.99000,242.99000
"ACS COMPOSITE",ACS45-4-189,45-4-189,"ACS C7 Clear LED Sidemarker Reflector Kit (Set of 6)",0,583.99000,648.99000
"ACS COMPOSITE",ACS45-4-190,45-4-190,"ACS C7 Clear LED Sidemarker (Set of 4)",0,408.99000,454.99000
"ACS COMPOSITE","ACS45-4-191 CFZ","45-4-191 CFZ","ACS C7 XL Front Rock Guards",0,365.99000,406.99000
"ACS COMPOSITE","ACS45-4-191 HCB","45-4-191 HCB","ACS C7 XL Front Rock Guards",0,365.99000,406.99000
"ACS COMPOSITE","ACS45-4-193 CFZ","45-4-193 CFZ","ACS C7 XL Rear Rock Guards",0,365.99000,406.99000
"ACS COMPOSITE","ACS45-4-193 HCB","45-4-193 HCB","ACS C7 XL Rear Rock Guards",0,365.99000,406.99000
"ACS COMPOSITE","ACS45-4-193 TXT","45-4-193 TXT","ACS C7 XL Rear Rock Guards",0,365.99000,406.99000
"ACS COMPOSITE",ACS45-4-195,ACS45-4-195,"ACS C7/C8 Jack Puck Black",0,117.12500,146.40625
"ACS COMPOSITE",ACS45-4-196,ACS45-4-196,"ACS C7/C8 Jack Puck Blue",0,117.12500,146.40625
"ACS COMPOSITE","ACS45-4-203 PRM","45-4-203 PRM","ACS C7 ZR1 RTM Hood",0,3249.99000,3611.99000
"ACS COMPOSITE","ACS45-4-207 CFZ","45-4-207 CFZ","ACS C7 Front Fender Extension",0,554.99000,616.99000
"ACS COMPOSITE","ACS45-4-211 CFZ","45-4-211 CFZ","ACS C7 XL Fender Extensions",0,1787.99000,1986.99000
"ACS COMPOSITE","ACS45-4-225 PRM","45-4-225 PRM","ACS C7 Toolbox",0,1787.99000,1986.99000
"ACS COMPOSITE","ACS46-4-001 PRM","46-4-001 PRM","ACS Camaro SS 2014-15 T4 Splitter",0,487.99000,542.99000
"ACS COMPOSITE","ACS46-4-001 SBK","46-4-001 SBK","ACS Camaro SS 2014-15 T4 Splitter",0,666.99000,741.99000
"ACS COMPOSITE","ACS46-4-003 PRM","46-4-003 PRM","ACS Camaro SS 2014-15 T4 Front Deflectors",0,162.99000,181.99000
"ACS COMPOSITE","ACS46-4-003 SBK","46-4-003 SBK","ACS Camaro SS 2014-15 T4 Front Deflectors",0,259.99000,288.99000
"ACS COMPOSITE","ACS46-4-005 PRM","46-4-005 PRM","ACS Camaro 2014-15 Rockers",0,544.99000,605.99000
"ACS COMPOSITE","ACS46-4-005 SBK","46-4-005 SBK","ACS Camaro 2014-15 Rockers",0,755.99000,839.99000
"ACS COMPOSITE","ACS46-4-007 PRM","46-4-007 PRM","ACS Camaro SS 2014-15 Hood insert No window",0,828.99000,921.99000
"ACS COMPOSITE","ACS46-4-009 PRM","46-4-009 PRM","ACS Camaro SS 2014-15 Hood insert w/ window",0,723.99000,804.99000
"ACS COMPOSITE","ACS46-4-011 CFZ","46-4-011 CFZ","ACS Camaro SS 2014-15 TLE Hood Insert",0,568.99000,632.99000
"ACS COMPOSITE","ACS46-4-011 GBA","46-4-011 GBA","ACS Camaro SS 2014-15 TLE Hood Insert",0,568.99000,632.99000
"ACS COMPOSITE","ACS46-4-011 PRM","46-4-011 PRM","ACS Camaro SS 2014-15 TLE Hood Insert",0,381.99000,424.99000
"ACS COMPOSITE","ACS46-4-011 SBK","46-4-011 SBK","ACS Camaro SS 2014-15 TLE Hood Insert",0,568.99000,632.99000
"ACS COMPOSITE","ACS46-4-013 PRM","46-4-013 PRM","ACS Camaro V6 2014-15 T5 Splitter",0,487.99000,542.99000
"ACS COMPOSITE","ACS46-4-013 SBK","46-4-013 SBK","ACS Camaro V6 2014-15 T5 Splitter",0,666.99000,741.99000
"ACS COMPOSITE","ACS46-4-015 GBA","46-4-015 GBA","ACS Camaro 2014-15 Z28 Spoiler",0,729.99000,811.99000
"ACS COMPOSITE","ACS46-4-016 GBA","46-4-016 GBA","ACS Camaro 2014-15 Z28 Spoiler w/ wicker HD",0,802.99000,892.99000
"ACS COMPOSITE","ACS48-4-001 GBA","48-4-001 GBA","ACS Camaro 6 SS T6 Splitter",0,885.99000,984.99000
"ACS COMPOSITE","ACS48-4-001 PRM","48-4-001 PRM","ACS Camaro 6 SS T6 Splitter",0,593.99000,659.99000
"ACS COMPOSITE","ACS48-4-003 GBA","48-4-003 GBA","ACS Camaro 6 SS T6 Front Deflectors Stage 3",0,519.99000,577.99000
"ACS COMPOSITE","ACS48-4-003 PRM","48-4-003 PRM","ACS Camaro 6 SS T6 Front Deflectors Stage 3",0,406.99000,452.99000
"ACS COMPOSITE","ACS48-4-005 GBA","48-4-005 GBA","ACS Camaro 6 ACS Rockers GBA",0,1015.99000,1128.99000
"ACS COMPOSITE","ACS48-4-005 PRM","48-4-005 PRM","ACS Camaro 6 ACS Rockers",0,690.99000,767.99000
"ACS COMPOSITE","ACS48-4-007 GBA","48-4-007 GBA","ACS Camaro 6 V6 I4 T7 Splitter",0,885.99000,984.99000
"ACS COMPOSITE","ACS48-4-007 PRM","48-4-007 PRM","ACS Camaro 6 V6 I4 T7 Splitter",0,593.99000,659.99000
"ACS COMPOSITE","ACS48-4-009 GBA","48-4-009 GBA","ACS Camaro 6 Stage 2 winglets for 48-4-001 & 48-4-007",0,162.99000,181.99000
"ACS COMPOSITE","ACS48-4-009 PRM","48-4-009 PRM","ACS Camaro 6 Stage 2 winglets for 48-4-001 & 48-4-007",0,129.99000,144.99000
"ACS COMPOSITE","ACS48-4-011 PRM","48-4-011 PRM","ACS Camaro 6 Rocker Winglets",0,178.99000,198.99000
"ACS COMPOSITE","ACS48-4-013 GBA","48-4-013 GBA","ACS Camaro 6 SS Spoiler Gloss Black",0,1104.99000,1227.99000
"ACS COMPOSITE","ACS48-4-013 PRM","48-4-013 PRM","ACS Camaro 6 SS Coupe Rear Deck Spoiler Primer",0,812.99000,903.99000
"ACS COMPOSITE","ACS48-4-014 GBA","48-4-014 GBA","ACS Camaro 6 SS Convertible Rear Deck Spoiler",0,1104.99000,1227.99000
"ACS COMPOSITE","ACS48-4-014 PRM","48-4-014 PRM","ACS Camaro 6 SS Convertible Rear Deck Spoiler",0,812.99000,903.99000
"ACS COMPOSITE","ACS48-4-015 GBA","48-4-015 GBA","ACS Camaro 6 V6 I4 Coupe Rear Deck Spoiler",0,1104.99000,1227.99000
"ACS COMPOSITE","ACS48-4-015 PRM","48-4-015 PRM","ACS Camaro 6 V6 I4 Coupe Rear Deck Spoiler",0,812.99000,903.99000
"ACS COMPOSITE","ACS48-4-016 GBA","48-4-016 GBA","ACS Camaro 6 V6 I4 Convertible Rear Deck Spoiler",0,1104.99000,1227.99000
"ACS COMPOSITE","ACS48-4-016 PRM","48-4-016 PRM","ACS Camaro 6 V6 I4 Convertible Rear Deck Spoiler",0,812.99000,903.99000
"ACS COMPOSITE","ACS48-4-017 GBA","48-4-017 GBA","ACS Camaro 6 Fender insert Gloss Black",0,682.99000,758.99000
"ACS COMPOSITE","ACS48-4-017 PRM","48-4-017 PRM","ACS Camaro 6 Fender insert Primer",0,519.99000,577.99000
"ACS COMPOSITE","ACS48-4-019 GBA","48-4-019 GBA","ACS Camaro 6 SS 1LE Splitter",0,876.99000,974.99000
"ACS COMPOSITE","ACS48-4-019 PRM","48-4-019 PRM","ACS Camaro 6 SS 1LE Splitter",0,876.99000,974.99000
"ACS COMPOSITE","ACS48-4-023 GB8","48-4-023 GB8","ACS Camaro 6 V6 I4 1LE Splitter",0,1020.99000,1134.99000
"ACS COMPOSITE","ACS48-4-023 GBA","48-4-023 GBA","ACS Camaro 6 V6 I4 1LE Splitter",0,876.99000,974.99000
"ACS COMPOSITE","ACS48-4-025 GB8","48-4-025 GB8","ACS Camaro 6 SS Coupe Zl1 Rear Deck Spoiler",0,1022.99000,1136.99000
"ACS COMPOSITE","ACS48-4-025 GBA","48-4-025 GBA","ACS Camaro 6 SS Coupe Zl1 Rear Deck Spoiler",0,1022.99000,1136.99000
"ACS COMPOSITE","ACS48-4-025 PRM","48-4-025 PRM","ACS Camaro 6 SS Coupe Zl1 Rear Deck Spoiler",0,685.99000,762.99000
"ACS COMPOSITE","ACS48-4-026 GBA","48-4-026 GBA","ACS Camaro 6 SS Coupe Zl1 Rear Deck Spoiler Camera",0,1314.99000,1461.99000
"ACS COMPOSITE","ACS48-4-026 PRM","48-4-026 PRM","ACS Camaro 6 ss Coupe Zl1 Rear Deck Camera",0,978.99000,1087.99000
"ACS COMPOSITE","ACS48-4-029 GBA","48-4-029 GBA","ACS Camaro 6 SS Zl1-SS Splitter with UT Bracket",0,974.99000,1083.99000
"ACS COMPOSITE","ACS48-4-029 PRM","48-4-029 PRM","ACS Camaro 6 SS Zl1-SS Splitter with UT Bracket",0,682.99000,758.99000
"ACS COMPOSITE","ACS48-4-031 GBA","48-4-031 GBA","ACS Camaro 6 SS Zl1 Splitter GBA",0,958.99000,1065.99000
"ACS COMPOSITE","ACS48-4-031 PRM","48-4-031 PRM","ACS Camaro 6 SS Zl1 Splitter Primer",0,666.99000,741.99000
"ACS COMPOSITE","ACS48-4-033 GBA","48-4-033 GBA","ACS Camaro 6 SS Zl1 S2 Deflectors",0,292.99000,325.99000
"ACS COMPOSITE","ACS48-4-033 PRM","48-4-033 PRM","ACS Camaro 6 SS Zl1 S2 Deflectors",0,162.99000,181.99000
"ACS COMPOSITE","ACS48-4-035 GBA","48-4-035 GBA","ACS Camaro 6 SS Zl1 S3 Deflectors",0,519.99000,577.99000
"ACS COMPOSITE","ACS48-4-035 PRM","48-4-035 PRM","ACS Camaro 6 SS Zl1 S3 Deflectors",0,406.99000,452.99000
"ACS COMPOSITE",ACS48-4-036,48-4-036,"ACS Camaro 6 SS Zl1 Splitter Undertray",0,243.99000,271.99000
"ACS COMPOSITE","ACS48-4-037 1LE","48-4-037 1LE","ACS Camaro 6 Front Rock Guards",0,243.99000,271.99000
"ACS COMPOSITE","ACS48-4-037 GBA","48-4-037 GBA","ACS Camaro 6 Front Rock Guards",0,243.99000,271.99000
"ACS COMPOSITE","ACS48-4-037 RAW","48-4-037 RAW","ACS Camaro6 Front Rock Guards",0,154.99000,172.99000
"ACS COMPOSITE","ACS48-4-037 TXT","48-4-037 TXT","ACS Camaro 6 Front Rock Guards",0,178.99000,198.99000
"ACS COMPOSITE","ACS48-4-039 1LE","48-4-039 1LE","ACS Camaro 6 ZL1 Rockers 1LE Black",1,1096.99000,1218.99000
"ACS COMPOSITE","ACS48-4-039 GBA","48-4-039 GBA","ACS Camaro 6 ZL1 Rockers Gloss Black",0,1096.99000,1218.99000
"ACS COMPOSITE","ACS48-4-039 PRM","48-4-039 PRM","ACS Camaro 6 ZL1 Rockers Primer",0,771.99000,857.99000
"ACS COMPOSITE","ACS48-4-041 1LE","48-4-041 1LE","ACS Camaro 6 Rear Rock Guards",0,243.99000,271.99000
"ACS COMPOSITE","ACS48-4-041 GBA","48-4-041 GBA","ACS Camaro 6 Rear Rock Guards",0,243.99000,271.99000
"ACS COMPOSITE","ACS48-4-041 RAW","48-4-041 RAW","ACS Camaro 6 Rear Splash Guard",0,154.99000,172.99000
"ACS COMPOSITE","ACS48-4-041 TXT","48-4-041 TXT","ACS Camaro 6 Rear Splash Guards",0,178.99000,198.99000
"ACS COMPOSITE","ACS48-4-045 GBA","48-4-045 GBA","ACS Camaro 6 Diffuser",0,649.99000,722.99000
"ACS COMPOSITE","ACS48-4-045 PRM","48-4-045 PRM","ACS Camaro 6 Diffuser",0,406.99000,452.99000
"ACS COMPOSITE","ACS48-4-047 PRM","48-4-047 PRM","ACS Camaro 6 Rear Brake Scoop",0,698.99000,776.99000
"ACS COMPOSITE","ACS48-4-049 PRM","48-4-049 PRM","ACS Camaro 6 Rear Brake Scoop for T6 Rockers",0,698.99000,776.99000
"ACS COMPOSITE","ACS48-4-051 PRM","48-4-051 PRM","ACS Camaro 6 Rear Brake Scoop for Zl1 Rockers",0,698.99000,776.99000
"ACS COMPOSITE","ACS48-4-053 GB8","48-4-053 GB8","ACS Camaro 6 LT High Rise Rear Spoiler",0,671.99000,746.99000
"ACS COMPOSITE","ACS48-4-069 SBK","48-4-069 SBK","ACS Camaro 6 ZL1-1LE Splitter with winglets",0,802.99000,892.99000
"ACS COMPOSITE","ACS48-4-071 TXT","48-4-071 TXT","ACS Camaro 6 Zl1 1LE Canard Set",0,422.99000,469.99000
"ACS COMPOSITE","ACS48-4-073 TXT","48-4-073 TXT","ACS Camaro 6 Zl1-1LE Front Lower Grill",0,334.99000,372.99000
"ACS COMPOSITE","ACS48-4-085 1LE","48-4-085 1LE","ACS Camaro 6 SS Dive Planes",0,479.99000,533.99000
"ACS COMPOSITE","ACS48-4-085 GBA","48-4-085 GBA","ACS Camaro 6 SS Dive Planes",0,479.99000,533.99000
"ACS COMPOSITE","ACS48-4-085 RAW","48-4-085 RAW","ACS Camaro 6 SS Dive Planes",0,402.99000,447.99000
"ACS COMPOSITE","ACS48-4-103 GBA","48-4-103 GBA","ACS Camaro 6 Wickers for ACS Spoiler",0,568.99000,632.99000
"ACS COMPOSITE","ACS48-4-103 PRM","48-4-103 PRM","ACS Camaro 6 Wickers for ACS Spoiler",0,487.99000,542.99000
"ACS COMPOSITE","ACS48-4-105 1LE","48-4-105 1LE","ACS Camaro 6 Zl1 Front Rock Guards",0,243.99000,271.99000
"ACS COMPOSITE","ACS48-4-105 GBA","48-4-105 GBA","ACS Camaro 6 Zl1 Front Rock Guards",0,243.99000,271.99000
"ACS COMPOSITE",ACS48-4-107,48-4-107,"ACS Camaro 6 Zl1 Rear Rock Guards",0,243.99000,271.99000
"ACS COMPOSITE","ACS48-4-107 1LE","48-4-107 1LE","ACS Camaro 6 Zl1 Rear Rock Guards",0,243.99000,271.99000
"ACS COMPOSITE","ACS48-4-107 GBA","48-4-107 GBA","ACS Camaro 6 Zl1 Rear Rock Guards",0,243.99000,271.99000
"Active Autowerks",AA14-001,14-001,"METHANOL INJECTION KIT E36 COUPE / SEDAN",0,2121.56653,2357.29730
"Active Autowerks",AA14-003,14-003,"METHANOL INJECTION KIT E46 ALL",0,2121.56653,2357.29730
Edge,EDG18155,18155,"EDGE JAMMER CAI FORD 2003-2007 6.0L",0,580.89473,645.56372
Edge,EDG18155-D,18155-D,"EDGE JAMMER CAI FORD 2003-2007 6.0L (DRY FILTER)",0,343.72038,487.91076
Edge,EDG18185,18185,"EDGE JAMMER CAI FORD 2008-2010 6.4L",0,580.89473,645.56372
Edge,EDG18185-D,18185-D,"EDGE JAMMER CAI FORD 2008-2010 6.4L (DRY FILTER)",0,580.89473,645.56372
Edge,EDG18210,18210,"EDGE JAMMER CAI FORD 1999-2003 7.3L",0,538.52540,598.73445
Edge,EDG18210-D,18210-D,"EDGE JAMMER CAI FORD 1999-2003 7.3L (DRY FILTER)",0,538.52540,598.73445
Edge,EDG18215,18215,"EDGE JAMMER CAI FORD 2011-2016 6.7L",0,339.08384,569.70000
Edge,EDG18215-D,18215-D,"EDGE JAMMER CAI FORD 2011-2016 6.7L (DRY FILTER)",0,343.72038,487.91076
Edge,EDG28132,28132,"EDGE JAMMER CAI CHEVY 2001-2004 6.6L",0,580.89473,645.56372
Edge,EDG28132-D,28132-D,"EDGE JAMMER CAI CHEVY 2001-2004 6.6L (DRY FILTER)",0,580.89473,645.56372
Edge,EDG28135,28135,"EDGE JAMMER CAI CHEVY 2004.5-2005 6.6L",0,580.89473,645.56372
Edge,EDG28135-D,28135-D,"EDGE JAMMER CAI CHEVY 2004.5-2005 6.6L (DRY FILTER)",0,580.89473,645.56372
Edge,EDG28142,28142,"EDGE JAMMER CAI CHEVY 2006-2007 6.6L",0,580.89473,645.56372
Edge,EDG28142-D,28142-D,"EDGE JAMMER CAI CHEVY 2006-2007 6.6L (DRY FILTER)",0,580.89473,645.56372
Edge,EDG28172,28172,"EDGE JAMMER CAI CHEVY 2007.5-2010 6.6L",0,580.89473,645.56372
Edge,EDG28172-D,28172-D,"EDGE JAMMER CAI CHEVY 2007.5-2010 6.6L (DRY FILTER)",0,580.89473,645.56372
Edge,EDG28230,28230,"EDGE JAMMER CAI CHEVY 2011-2014 6.6L",0,538.52540,598.73445
Edge,EDG28230-D,28230-D,"EDGE JAMMER CAI CHEVY 2011-2014 6.6L (DRY FILTER)",0,338.52807,376.95115
Edge,EDG28248,28248,"EDGE JAMMER CAI CHEVY 2015-2016 6.6L",0,339.08384,525.15000
Edge,EDG28248-D,28248-D,"EDGE JAMMER CAI CHEVY 2015 6.6L (DRY FILTER)",0,363.53266,525.15000
Edge,EDG38145,38145,"EDGE JAMMER CAI 2003-2007 DODGE/RAM 6.7L",0,566.39996,629.95395
Edge,EDG38145-D,38145-D,"EDGE JAMMER CAI 2003-2007 DODGE/RAM 5.9L (DRY FILTER)",0,363.53266,403.92637
Edge,EDG38175,38175,"EDGE JAMMER CAI 2007-2009 DODGE/RAM 6.7L",0,580.89473,645.56372
Edge,EDG38175-D,38175-D,"EDGE JAMMER CAI 2007-2009 DODGE/RAM 6.7L (DRY FILTER)",0,343.72038,487.91076
Edge,EDG38180,38180,"EDGE JAMMER CAI 2010-2012 DODGE/RAM 6.7L",0,580.89473,645.56372
Edge,EDG38180-D,38180-D,"EDGE JAMMER CAI 2010-2012 DODGE/RAM 6.7L (DRY FILTER)",0,363.53266,525.15000
Edge,EDG38225,38225,"EDGE JAMMER CAI 1994-2002 DODGE/RAM 5.9L",0,566.39996,629.95395
Edge,EDG38225-D,38225-D,"EDGE JAMMER CAI 1994-2002 DODGE/RAM 5.9L (DRY FILTER)",0,566.39996,629.95395
XDR,XDR661411,661411,"XDR XDR Banner 2' x 7'",0,33.22038,46.55422
XDR,XDR669989,669989,"XDR XDR Snap-Back Hat",0,16.60500,23.27191
Xona,XON000561,000561,"XONA 14mm coolant fitting for 4AN SS",0,18.94350,21.17348
Xona,XON000564,000564,"XONA 14mm coolant fitting set 3/8 barb banjo-style (1 port)",0,27.86336,27.86336
Xona,XON001544,001544,"XONA Porsche 997 65mm Hybrid",0,2322.77879,3425.32098
Xona,XON001545,001545,"XONA Porsche 997 65mm Hybrid",0,2322.77879,3425.32098
Xona,XON001546,001546,"XONA (997.1 Driver's side)",0,2322.77879,3425.32098
Xona,XON001547,001547,"XONA (997.1 Passenger's side)",0,2322.77879,3425.32098
Xona,XON001548,001548,"XONA (997.2 Driver's side)",0,2322.77879,3425.32098
Xona,XON001549,001549,"XONA (997.2 Passenger's side)",0,2322.77879,3425.32098
Xona,XON001788,001788,"XONA Oil outlet flange for 3/8""NPT AL",0,13.36860,16.71354
Xona,XON001790,001790,"XONA Oil inlet adapter for 4AN 0.030 restrictor SS",0,20.05849,21.17348
Xona,XON001791,001791,"XONA Oil inlet adapter for 4AN 0.040 restrictor SS",0,20.05849,21.17348
Xona,XON001792,001792,"XONA Oil inlet adapter for 4AN no restrictor SS",0,20.05849,21.17348
Xona,XON001814,001814,"XONA Turbine inlet v-flange all but F3V",0,53.50796,57.96789
Xona,XON002038,002038,"XONA P993 Line Kit",0,688.94302,777.49194
Xona,XON002046,002046,"XONA Porsche 944 Turbo Mount",0,271.03526,308.83055
Xona,XON002152,002152,"XONA Audi S4 XR770",0,7434.85978,7552.56505
Xona,XON002153,002153,"XONA Audi S4 XR770",0,6658.43683,6763.18374
Xona,XON002351,2351,"XONA 49.5/68 54/48 0.56 260-510",0,1635.98463,1959.94414
Xona,XON002353,2353,"XONA 51.5/71 54/48 280-570",0,1635.98463,1959.94414
Xona,XON002355,2355,"XONA 51.5/71 60/56 0.56 300-570",0,1724.53357,2102.48632
Xona,XON002357,2357,"XONA 53/73 60/56 0.56 300-600",0,1724.53357,2102.48632
Xona,XON002359,2359,"XONA 55/76 60/56 0.56 320-640",0,1724.53357,2102.48632
Xona,XON002361,2361,"XONA 57.5/79 60/56 0.56 350-680",0,1724.53357,2102.48632
Xona,XON002363,2363,"XONA 57.5/79 68/64 0.56 350-680",0,1907.03077,2279.58419
Xona,XON002365,2365,"XONA 59.5/82 68/64 0.56 370-750",0,1907.03077,2279.58419
Xona,XON002367,2367,"XONA 62.5/86 68/64 0.56 410-820",0,1988.02064,2422.12639
Xona,XON002500,002500,"XONA Turbine outlet v-flange EWG all but F3V",0,52.39297,56.85290
Xona,XON002501,002501,"XONA Turbine outlet v-flange F3V only",0,52.39297,56.85290
Xona,XON002505,002505,"XONA Turbine inlet v-clamp all but F3V",0,44.58809,46.81807
Xona,XON002506,002506,"XONA Turbine outlet v-clamp EWG",0,44.58809,46.81807
Xona,XON003282,3282,"XONA 64/88 76/68 0.7 430-860",0,2170.51785,2707.21073
Xona,XON003283,3283,"XONA 68/94 76/68 0.7 500-1000",0,2221.27146,2707.21073
Xona,XON003284,3284,"XONA 72/99 76/68 0.7 550-1100",0,2273.10499,2778.48185
Xona,XON003453,3453,"XONA 57.5/79 68/64 0.7 350-680",0,1988.02064,2422.12639
Xona,XON003454,3454,"XONA 59.5/82 68/64 0.7 370-750",0,1988.02064,2422.12639
Xona,XON003455,3455,"XONA 62.5/86 68/64 0.7 410-820",0,1988.02064,2422.12639
Xona,XON003457,3457,"XONA 62.5/86 73/67 0.7 410-820",0,2051.73270,2458.84176
Xona,XON003458,3458,"XONA 64/88 73/67 0.7 430-860",0,2051.73270,2458.84176
Xona,XON003459,3459,"XONA 68/94 73/67 0.7 500-1000",0,2051.73270,2564.66854
Xona,XON003464,3464,"XONA 64/88 68/64 0.7 430-860",0,1988.02064,2422.12639
Xona,XON003465,3465,"XONA 53/73 68/64 0.7 300-600",0,1988.02064,2422.12639
Xona,XON003500,3500,"XONA 51.5/71 62/55 0.7 280-570",0,1897.31196,2313.06001
Xona,XON003829,003829,"XONA 993/996 MVI Actuator upgrade",0,493.48743,616.59207
Xona,XON003892,003892,"XONA Porsche 993/996 68mm K-Range Hybrid",0,1926.46831,2099.24673
Xona,XON004072,004072,"XONA Audi S4 S605.2B",0,2574.38734,2802.23884
Xona,XON004485,004485,"XONA Alternative flange for K16 Fitment",0,28.97835,31.20830
Xona,XON004623,004623,"XONA Turbine outlet flange IWG",0,50.16301,54.62295
Xona,XON004626,004626,"XONA Turbine inlet flange IWG",0,56.85290,62.42782
Xona,XON005159,005159,"XONA MVI Bracket/Canister kit for 84mm C/H inlet",0,209.60554,284.30935
Xona,XON005411,005411,"XONA XR-65 SS V-Band T/H 1.03A/R T/W:72/65",0,531.05288,673.35723
Xona,XON005412,005412,"XONA XR-48 SS V-Band T/H 0.64A/R T/W:54/48",1,423.68217,537.41041
Xona,XON005413,005413,"XONA XR-48 SS V-Band T/H 0.86A/R T/W:54/48",0,423.68217,537.41041
Xona,XON005414,005414,"XONA XR-56 SS V-Band T/H 1.03A/R T/W:60/56",0,489.46615,621.03409
Xona,XON005415,005415,"XONA XR-56 SS V-Band T/H 0.63A/R T/W:60/56",0,489.46615,621.03409
Xona,XON005416,005416,"XONA XR-56 SS V-Band T/H 0.82A/R T/W:60/56",0,489.46615,621.03409
Xona,XON005417,005417,"XONA XR-64 SS V-Band T/H 1.03A/R T/W:68/64",0,530.72049,673.43828
Xona,XON005418,005418,"XONA XR-67 SS V-Band T/H 1.03A/R T/W:73/67",0,530.72049,673.43828
Xona,XON005419,005419,"XONA XR-64 SS V-Band T/H 0.63A/R T/W:68/64",0,530.72049,673.43828
Xona,XON005420,005420,"XONA XR-64 SS V-Band T/H 0.82A/R T/W:68/64",0,530.72049,673.43828
Xona,XON005421,005421,"XONA XR-48 SS V-Band T/H 0.52A/R T/W:54/48",1,423.68217,537.41041
Xona,XON005426,005426,"XONA XR-65 SS V-Band T/H 0.82A/R T/W:72/65",0,531.05288,673.35723
Xona,XON005428,005428,"XONA XR-68 SS V-Band T/H 1.03A/R T/W:76/68",0,530.72049,673.43828
Xona,XON005429,005429,"XONA XR-68 SS V-Band T/H 0.82A/R T/W:76/68",0,530.72049,673.43828
Xona,XON005436,005436,"XONA Wheel Speed Sensor Machining",0,240.82502,274.27450
Xona,XON005498,005498,"XONA XR-67 SS V-Band T/H 0.82A/R T/W:73/67",0,530.72049,673.43828
Xona,XON005644,005644,"XONA XR-48 SS V-Band IWG T/H 0.62A/R T/W:54/48",1,778.24665,904.23967
Xona,XON005646,005646,"XONA XR-48 SS V-Band IWG T/H 0.80A/R T/W:54/48",0,778.24665,904.23967
Xona,XON005648,005648,"XONA XR-56 SS V-Band IWG T/H 0.62A/R T/W:60/56",1,778.24665,904.23967
Xona,XON005650,005650,"XONA XR-56 SS V-Band IWG T/H 0.80A/R T/W:60/56",0,778.24665,904.23967
Xona,XON005652,005652,"XONA XR-64 SS V-Band IWG T/H 0.62A/R T/W:68/64",0,778.24665,904.23967
Xona,XON005654,005654,"XONA XR-64 SS V-Band IWG T/H 0.80A/R T/W:68/64",1,778.24665,904.23967
Xona,XON005712,005712,"XONA XR-67 T3 T/H 0.85A/R T/W:73/67",0,530.72049,673.43828
Xona,XON005713,005713,"XONA XR-67 T3 T/H 1.06A/R T/W:73/67",0,530.72049,673.43828
Xona,XON006043,006043,"XONA Nissan R35 GTR XR1000",0,8625.95089,9388.33562
Xona,XON006054,006054,"XONA Audi S4 XR770",0,4582.93627,4656.36709
Xona,XON006055,006055,"XONA Audi S4 XR770",0,4582.93627,4107.79565
Xona,XON006081,006081,"XONA XR-67 SS V-Band IWG T/H 0.62A/R T/W:73/67",0,778.24665,904.23967
Xona,XON006083,006083,"XONA XR-67 SS V-Band IWG T/H 0.80A/R T/W:73/67",0,778.24665,904.23967
Xona,XON006088,006088,"XONA Porsche 993 Alpha XR800",0,6031.03526,6562.32887
Xona,XON006089,006089,"XONA Porsche 996 Alpha XR800",0,6031.03526,6562.32887
Xona,XON006099,006099,"XONA X2C XR6564 A/R: 0.56 C/W: 57.5/79 T/W:68/64 C/W Flow: 65 HP RANGE: 350-680",0,1835.25012,2193.15952
Xona,XON006143,006143,"XONA Porsche 991.1 3.8L 68mm Hybrid",0,4644.48857,6850.65279
Xona,XON006249,006249,"XONA X2C XR7864 A/R: 0.56 C/W: 62.5/86 T/W:68/64 C/W Flow: 78 HP RANGE: 410-820",0,1913.29891,2330.30238
Xona,XON006275,006275,"XONA Oil inlet adapter for 4AN 0.020 restrictor SS",0,20.05849,21.17348
Xona,XON006297,006297,"XONA X3C XR7867 A/R: 0.7 C/W: 62.5/86 T/W:73/67 C/",0,1918.00460,2366.57265
Xona,XON006314,006314,"XONA X2C XR5448 A/R: 0.56 C/W: 51.5/71 T/W:54/48 C/W Flow: 54 HP RANGE: 280-570",0,1573.22925,1886.53931
Xona,XON006319,006319,"XONA X2C XR7164 A/R: 0.56 C/W: 59.5/82 T/W:68/64 C/W Flow: 71 HP RANGE: 370-750",0,1835.25012,2193.15952
Xona,XON006320,006320,"XONA X3C XR7865 A/R: 0.7 C/W: 62.5/86 T/W:72/65 C/",0,1916.97342,2330.48095
Xona,XON006414,006414,"XONA P996 Line Kit",0,660.86654,746.17585
Xona,XON006421,006421,"XONA X3C XR9568 A/R: 0.7 C/W: 68/94 T/W:76/68 C/W Flow: 95 HP RANGE: 500-1000",0,2136.29543,2604.58810
Xona,XON006470,006470,"XONA (991.1 Driver's side) Requires Core",0,2322.77879,3425.32098
Xona,XON006476,006476,"XONA XR-64 SS V-Band T/H 0.82A/R LHR T/W:68/64",0,530.72049,673.43828
Xona,XON006477,006477,"XONA XR-64 SS V-Band T/H 1.03A/R LHR T/W:68/64",0,530.72049,673.43828
Xona,XON006480,006480,"XONA 14mm coolant fitting set 1/8""NPT low-profile (1 port)",0,53.50796,53.50796
Xona,XON006493,006493,"XONA X2C XR5756 A/R: 0.56 C/W: 53/73 T/W:60/56 C/W Flow: 57 HP RANGE: 300-600",1,1659.08286,2023.68217
Xona,XON006495,006495,"XONA X3C XR8268 A/R: 0.7 C/W: 64/88 T/W:76/68 C/W Flow: 82 HP RANGE: 430-860",0,2088.35117,2604.58810
Xona,XON006535,006535,"XONA X3C XR10568 A/R: 0.7 C/W: 72/99 T/W:76/68 C/W Flow: 105 HP RANGE: 550-1100",0,2187.58463,2673.71703
Xona,XON006540,006540,"XONA X2C XR6156 A/R: 0.56 C/W: 55/76 T/W:60/56 C/W Flow: 61 HP RANGE: 320-640",0,1659.08286,2023.68217
Xona,XON006559,006559,"XONA XR-64 SS V-Band T/H 0.63A/R LHR T/W:68/64",0,530.72049,673.43828
Xona,XON006560,006560,"XONA XR-68 SS V-Band T/H 0.82A/R LHR T/W:76/68",0,530.72049,673.43828
Xona,XON006561,006561,"XONA XR-68 SS V-Band T/H 0.63A/R LHR T/W:76/68",0,530.72049,673.43828
Xona,XON006562,006562,"XONA XR-68 SS V-Band T/H 1.03A/R LHR T/W:76/68",0,530.72049,673.43828
Xona,XON006572,006572,"XONA X2C XR6556 A/R: 0.56 C/W: 57.5/79 T/W:60/56 C/W Flow: 65 HP RANGE: 350-680",0,1659.08286,2023.68217
Xona,XON006582,006582,"XONA X4C XR11568 A/R: 0.7 C/W: 76/105 T/W:76/68 C/W Flow: 115 HP RANGE: 600-1200",0,2556.64384,3184.37903
Xona,XON006586,006586,"XONA X3C XR7864 A/R: 0.7 C/W: 62.5/86 T/W:68/64 C/W Flow: 78 HP RANGE: 410-820",0,1913.29891,2330.30238
Xona,XON006587,006587,"XONA XR-68 T3 T/H 1.06A/R T/W:76/68",0,530.72049,673.43828
Xona,XON006588,006588,"XONA X2C XR4948 A/R: 0.56 C/W: 49.5/68 T/W:54/48 C/W Flow: 49 HP RANGE: 260-510",2,1573.22925,1886.53931
Xona,XON006617,006617,"XONA XR-56 F3V T/H 0.63A/R",0,482.77627,631.06894
Xona,XON006618,006618,"XONA F3V 60/56",0,482.77627,631.06894
Xona,XON006619,006619,"XONA F3V 60/56",0,482.77627,631.06894
Xona,XON006623,006623,"XONA F3V 68/64",0,482.77627,631.06894
Xona,XON006624,006624,"XONA F3V 68/64",0,482.77627,631.06894
Xona,XON006625,006625,"XONA F3V 68/64",0,482.77627,631.06894
Xona,XON006629,006629,"XONA F3V 73/67",0,482.77627,631.06894
Xona,XON006630,006630,"XONA F3V 73/67",0,482.77627,631.06894
Xona,XON006631,006631,"XONA F3V 73/67",0,482.77627,631.06894
Xona,XON006632,006632,"XONA F3V 76/68",0,482.77627,631.06894
Xona,XON006633,006633,"XONA F3V 76/68",0,482.77627,631.06894
Xona,XON006634,006634,"XONA F3V 76/68",0,482.77627,631.06894
Xona,XON006663,006663,"XONA X2C XR5456 A/R: 0.56 C/W: 51.5/71 T/W:60/56 C/W Flow: 54 HP RANGE: 300-570",0,1659.08286,2023.68217
Xona,XON006665,006665,"XONA MVI Bracket/Canister kit for 4 C/H inlet",0,209.60554,284.30935
Xona,XON006673,006673,"XONA MVI Bracket/Canister kit for 3 C/H inlet",2,209.60554,284.30935
Xona,XON006698,006698,"XONA X3C XR8267 A/R: 0.7 C/W: 64/88 T/W:73/67 C/W Flow: 82 HP RANGE: 430-860",0,1974.62296,2365.98183
Xona,XON006720,006720,"XONA X3C XR9567 A/R: 0.7 C/W: 68/94 T/W:73/67 C/W Flow: 95 HP RANGE: 500-1000",0,1974.62296,2467.44524
Xona,XON006763,006763,"XONA X3C XR6564 A/R: 0.7 C/W: 57.5/79 T/W:68/64 C/W Flow: 65 HP RANGE: 350-680",0,1913.29891,2330.30238
Xona,XON006764,006764,"XONA X3C XR7164 A/R: 0.7 C/W: 59.5/82 T/W:68/64 C/W Flow: 71 HP RANGE: 370-750",0,1913.29891,2330.30238
Xona,XON006860,006860,"XONA X3C XR7867",0,1974.62296,2365.98183
Xona,XON006867,006867,"XONA V25V 57/51",0,423.68217,537.41041
Xona,XON006870,006870,"XONA V25V 57/51",0,423.68217,537.41041
Xona,XON006871,006871,"XONA V25V 57/51",0,423.68217,537.41041
Xona,XON006872,006872,"XONA XR-57S SS V-Band T/H 0.63A/R T/W:64/57",0,489.46615,621.03409
Xona,XON006873,006873,"XONA XR-57S SS V-Band T/H 0.82A/R T/W:64/57",0,489.46615,621.03409
Xona,XON006874,006874,"XONA XR-57S SS V-Band T/H 1.03A/R T/W:64/57",0,489.46615,621.03409
Xona,XON006875,006875,"XONA XR-64S SS V-Band T/H 0.63A/R T/W:",0,530.72049,673.43828
Xona,XON006876,006876,"XONA XR-64S SS V-Band T/H 0.82A/R T/W:",0,530.72049,673.43828
Xona,XON006877,006877,"XONA XR-64S SS V-Band T/H 1.03A/R T/W:",1,530.72049,673.43828
Xona,XON006878,006878,"XONA XR-69S SS V-Band T/H 0.63A/R T/W:78/69",0,530.72049,673.43828
Xona,XON006879,006879,"XONA XR-69S SS V-Band T/H 0.82A/R T/W:78/69 VC-355",0,530.72049,673.43828
Xona,XON006880,006880,"XONA XR-69S SS V-Band T/H 1.03A/R T/W:78/69",1,530.72049,673.43828
Xona,XON006883005159,006883005159,"XONA X3C XR6565 A/R: 0.7 C/W: 57.5/79 T/W:72/65 C/",0,1912.84864,2330.48095
Xona,XON006905,006905,"XONA XR-57S F3V T/H 0.63A/R T/W:64/57",0,482.77627,631.06894
Xona,XON006906,006906,"XONA XR-57S F3V T/H 0.82A/R T/W:64/57",0,482.77627,631.06894
Xona,XON006907,006907,"XONA XR-57S F3V T/H 1.03A/R T/W:64/57",0,482.77627,631.06894
Xona,XON006908,006908,"XONA XR-64S F3V T/H 0.63A/R T/W:",0,482.77627,631.06894
Xona,XON006909,006909,"XONA XR-64S F3V T/H 0.82A/R T/W:",0,482.77627,631.06894
Xona,XON006910,006910,"XONA XR-64S F3V T/H 1.03A/R T/W:",0,482.77627,631.06894
Xona,XON006911,006911,"XONA XR-69S F3V T/H 0.63A/R T/W:78/69",0,482.77627,631.06894
Xona,XON006912,006912,"XONA XR-69S F3V T/H 0.82A/R T/W:78/69",0,482.77627,631.06894
Xona,XON006913,006913,"XONA XR-69S F3V T/H 1.03A/R T/W:78/69",0,482.77627,631.06894
Xona,XON007010,007010,"XONA Porsche 996 Alpha XR1200",0,6840.93401,7337.67193
Xona,XON007011,007011,"XONA Porsche 996 Alpha XR900",0,6031.03526,6562.32887
Xona,XON007016,007016,"XONA 991.2 Turbo Upgrade",0,2506.35583,2546.31084
Xona,XON007017,007017,"XONA 991.2 Turbo Upgrade",0,2506.35583,2546.31084
Xona,XON007018,007018,"XONA 991.2 Inlet Tube Upgrade",0,4140.19161,4381.00150
Xona,XON007019,007019,"XONA 991.2 Intercooler Upgrade",0,1339.02174,1359.53920
Xona,XON007020,007020,"XONA (991.1 Passenger's side) Requires Core",0,2322.77879,3425.32098
Xona,XON007060,007060,"XONA XR-68 T4 Twin-Scroll 1.15A/R T/W:76/68",0,403.61249,383.54280
Xona,XON007073,007073,"XONA 58.8/82 68/64 0.56 370-710",0,1835.25012,2193.15952
Xona,XON007081,007081,"XONA XT4CI XR64 T/W:68/62",0,237.16350,282.53589
Xona,XON007082,007082,"XONA XT4CI XR64 T/W:68/62",0,237.16350,282.53589
Xona,XON007083,007083,"XONA XT4CI XR64S T/W:72/64",0,237.16350,282.53589
Xona,XON007083A,XON007088A,"XONA XT4Ci (T4 single-scroll cast-iron) turbine",0,237.16350,282.53589
Xona,XON007084,007084,"XONA XT4CI XR64S T/W:72/64",0,237.16350,282.53589
Xona,XON007085,007085,"XONA XT4CI XR68 T/W:76/68",0,237.16350,282.53589
Xona,XON007086,007086,"XONA XT4CI XR68 T/W:76/68",0,237.16350,282.53589
Xona,XON007087,007087,"XONA XT4CI XR69S T/W:78/69",2,237.16350,282.53589
Xona,XON007088,007088,"XONA XT4CI XR69S T/W:78/69 A/R .96",1,237.16350,282.53589
Xona,XON007088A,XON007088A,"XONA XT4Ci (T4 single-scroll cast-iron) turbine",0,237.16350,282.53589
Xona,XON007117A,007117A,"XONA KT3M 0.85A/R XR69S",0,378.43665,384.62378
Xona,XON007118,007118,"XONA XRGreenGTR Direct Fit Turbo Kit",0,4184.46606,4250.33785
Xona,XON007119,007119,"XONA XR-51S SS V-Band IWGT/H 0.62A/R",0,778.24665,904.23967
Xona,XON007120,007120,"XONA IWG 57/51",0,778.24665,904.23967
Xona,XON007121,007121,"XONA XR57S 0.62A/R IWG Turbine Housing",0,778.24665,904.23967
Xona,XON007122,007122,"XONA IWG 64/57",0,778.24665,904.23967
Xona,XON007123,007123,"XONA IWG 72/64",0,778.24665,904.23967
Xona,XON007124,007124,"XONA IWG 72/64",0,778.24665,904.23967
Xona,XON007140,007140,"XONA X3C XR8264 RHR",0,1913.29891,2330.30238
Xona,XON007162,007162,"XONA X3C XR6164 RHR",0,1913.29891,2330.30238
Xona,XON007172,007172,"XONA X3C XR6564 LHR",0,1913.29891,2330.30238
Xona,XON007173,007173,"XONA Porsche 996 Alpha XR1000",0,6480.25910,7063.38621
Xona,XON007182,007182,"XONA F3V 60/56",0,482.77627,631.06894
Xona,XON007183,007183,"XONA F3V 68/64",0,482.77627,631.06894
Xona,XON007184,007184,"XONA F3V 73/67",0,482.77627,631.06894
Xona,XON007185,007185,"XONA F3V 76/68",0,482.77627,631.06894
Xona,XON007186,007186,"XONA F3V 64/57",0,482.77627,631.06894
Xona,XON007187,007187,"XONA F3V 72/64",0,482.77627,631.06894
Xona,XON007188,007188,"XONA F3V 78/69",0,482.77627,631.06894
Xona,XON007193,007193,"XONA X3C XR5764 RHR",0,1913.29891,2330.30238
Xona,XON007202,007202,"XONA X3C XR5455 RHR",0,1825.21527,2225.49403
Xona,XON007227,007227,"XONA V35V 62/55",0,530.72049,673.43828
Xona,XON007228,007228,"XONA V35V 62/55",0,530.72049,660.05848
Xona,XON007237,007237,"XONA 991.2 Throttle Body Manifold",0,1224.55605,1369.25798
Xona,XON007399,007399,"XONA CanAm X3 XR42",0,3779.51670,4113.19499
Xona,XON007436,007436,"XONA DMAX Manifold Driver's Side",0,756.97450,822.84628
Xona,XON007437,007437,"XONA DMAX Manifold Pass Side",0,756.97450,822.84628
Xona,XON007523,007523,"XONA V35V 72/64",0,530.72049,673.43828
Xona,XON007524,007524,"XONA V35V 72/64",0,530.72049,673.43828
Xona,XON007525,007525,"XONA V35V 72/64",0,530.72049,673.43828
Xona,XON007526,007526,"XONA V35V 76/68",0,530.72049,673.43828
Xona,XON007532,007532,"XONA Porsche 991.2 3.8L GT2RS 76mm Hybrid",0,6840.93401,9593.50996
Xona,XON007705,007705,"XONA Audi RS3/TTRS.1 XR6564 650HP",0,6570.96776,7124.93851
Xona,XON007706,007706,"XONA Audi RS3/TTRS.2 XR7164 710HP",0,6570.96776,7124.93851
Xona,XON007707,007707,"XONA Audi RS3/TTRS.3 XR7864S 780HP",0,7290.15785,7851.68767
Xona,XON007858,007858,"XONA Porsche 991.2 3.8L GT2RS 76mm Hybrid",0,9891.55269,13711.03527
Xona,XON007867,007867,"XONA Porsche 991.2 3.8L GT2RS 76mm Hybrid",0,9891.55269,13711.03527
Xona,XON008101,008101,"XONA Oil outlet tube kit for -10AN",0,40.12816,44.58809
Xona,XON01050,01050,"XONA X1C XR4948",0,1573.22925,1886.53931
Xona,XON01055,01055,"XONA X1C XR5448",0,1573.22925,1886.53931
Xona,XON01130,01130,"XONA X1C XR4955 RHR",0,1825.21527,2225.49403
Xona,XON01140,01140,"XONA X1C XR5455 RHR",0,1825.21527,2225.49403
Xona,XON01150,01150,"XONA X1C XR5755 RHR",0,1825.21527,2225.49403
Xona,XON01160,01160,"XONA X1C XR6155 RHR",0,1825.21527,2225.49403
Xona,XON02373,02373,"XONA 62.5/86 73/67 0.56 410-820",0,1974.62296,2365.98183
Xona,XON02410,02410,"XONA 64/88 68/64 0.56 430-860",0,1913.29891,2330.30238
Xona,XON02825,02825,"XONA X2CF90 XR6155",0,1825.21527,2225.49403
Xona,XON02830,02830,"XONA X2CF90 XR6555",0,1825.21527,2225.49403
Xona,XON02850,02850,"XONA 58.8/82 68/64 0.56 370-710",0,2103.96091,2563.33375
Xona,XON02855,02855,"XONA 64/88 68/64 0.56 430-860",0,2103.96091,2563.33375
Xona,XON03510,03510,"XONA X3C XR6155 RHR",0,1825.21527,2225.49403
Xona,XON03515,03515,"XONA X3C XR6555 RHR",0,1825.21527,2225.49403
Xona,XON04008,4008,"XONA 72/99 78/68 0.7 550-1100",0,2500.95652,3056.00715
Xona,XON04009,4009,"XONA 76/105 76/68 0.7 600-1200",0,2556.87268,3184.40511
Xona,XON06617,6617,"XONA F3V 60/56",0,502.12638,656.54707
Xona,XON11140,11140,"XONA X1C XR4951S",0,1730.44177,2074.97139
Xona,XON11150,11150,"XONA X1C XR5451S",0,1730.44177,2074.97139
Xona,XON11160,11160,"XONA X1C XR5751S",0,1730.44177,2074.97139
Xona,XON11250,11250,"XONA X1C XR5457S RHR",0,1825.21527,2225.49403
Xona,XON11260,11260,"XONA X1C XR5757S RHR",0,1825.21527,2225.49403
Xona,XON11270,11270,"XONA X1C XR6157S RHR",0,1825.21527,2225.49403
Xona,XON12000,12000,"XONA 49.5/68 57/51 0.56 260-510",0,1730.44177,2074.97139
Xona,XON12010,12010,"XONA 51.5/71 57/51 0.56 280-570",0,1730.44177,2074.97139
Xona,XON12020,12020,"XONA X2C 5751S A/R: 0.56 C/W: 53/73 T/W:57/51 C/W Flow: 57 HP RANGE: 300-600",0,1730.44177,2074.97139
Xona,XON12090,12090,"XONA 51.5/71 64/57 0.56 300-570",0,1825.21527,2225.49403
Xona,XON12100,12100,"XONA 53/73 64/57 0.56 300-600",0,1825.21527,2225.49403
Xona,XON12110,12110,"XONA X2C XR6157S A/R: 0.56 C/W: 55/76 T/W:64/57 C/W Flow: 61 HP RANGE: 320-640",0,1825.21527,2225.49403
Xona,XON12120,12120,"XONA 57.5/79 64/57 0.56 350-680",0,1825.21527,2225.49403
Xona,XON12220,12220,"XONA 57.5/79 72/64 0.56 350-690",0,2103.96091,2563.33375
Xona,XON12230,12230,"XONA 58.8/82 72/64 0.56 370-710",0,2103.96091,2563.33375
Xona,XON12240,12240,"XONA 59.5/82 72/64 0.56 370-720",0,2103.96091,2563.33375
Xona,XON12250,12250,"XONA 62.5/86 72/64 0.56 410-820",1,2103.96091,2563.33375
Xona,XON12260,12260,"XONA X2C XR8264S",0,2103.96091,2563.33375
Xona,XON12750,12750,"XONA 58.8/82 72/64 0.56 370-710",0,2373.78670,2769.60552
Xona,XON12770,12770,"XONA 62.5/86 72/64 0.56 410-820",0,2103.96091,2563.33375
Xona,XON12780,12780,"XONA 64/88 72/64 0.56 430/860",0,2373.78670,2769.60552
Xona,XON12800,12800,"XONA X2CF90 XR8269S",0,2406.12122,2940.19787
Xona,XON13110,13110,"XONA 62.5/86 78/69 0.7 410-820",0,2406.12122,2940.19787
Xona,XON13120,13120,"XONA 64/88 78/69 0.7 430-860",0,2500.95652,3056.00715
Xona,XON13130,13130,"XONA X3C XR9569S A/R: 0.7 C/W: 68/94 T/W:78/69 (SEE XON13720)",0,2406.22330,2940.24929
Xona,XON13140,13140,"XONA X3C XR10569S A/R: 0.7 C/W: 72/99 T/W:78/69 C/",0,2406.22330,2940.24929
Xona,XON13145,13145,"XONA X3C XR10569S",0,2406.12122,2940.19787
Xona,XON13290,13290,"XONA 55/76 72/64 0.7 320-640",0,2103.96091,2563.33375
Xona,XON13300,13300,"XONA 57.5/79 72/64 0.7 350-680",0,2103.96091,2563.33375
Xona,XON13305,13305,"XONA 58.8/82 72/64 0.7 370-750",0,2103.96091,2563.33375
Xona,XON13310,13310,"XONA X3C XR7164S A/R: 0.7 C/W: 62.5/86 T/W:72/64 C/W Flow: 78 HP RANGE: 410-820",0,2103.96091,2563.33375
Xona,XON13320,13320,"XONA X3C XR7864S A/R: 0.7 C/W: 62.5/86 T/W:72/64 C/W Flow: 78 HP RANGE: 410-820",0,2103.96091,2563.33375
Xona,XON13330,13330,"XONA X3C XR8264S A/R: 0.7 C/W: 64/88 T/W:72/64 C/W Flow: 82 HP RANGE: 430-860",0,2103.96091,2563.33375
Xona,XON13340,13340,"XONA X3C XR9564S A/R: 0.7 C/W: 68/94 T/W:72/64 C/W Flow: 95 HP RANGE: 500-1000",0,2199.84943,2680.40691
Xona,XON13520,13520,"XONA 55/76 64/57 0.7 320-640",0,2103.96091,2563.33375
Xona,XON13530,13530,"XONA 57.5/79 64/57 0.7 350-680",0,2103.96091,2563.33375
Xona,XON13700,13700,"XONA X3C XR8069S",0,2406.12122,2940.19787
Xona,XON13710,13710,"XONA X3C XR8269S",0,2406.12122,2940.19787
Xona,XON13720,13720,"XONA X3C XR9569S",0,2406.12122,2940.19787
Xona,XON14090,14090,"XONA 68/94 78/69 0.7 500-1000",0,2411.69611,2940.19787
Xona,XON14100,14100,"XONA X4C XR10569S A/R: 0.7 C/W: 72/99 T/W:78/69 C/",0,2412.45707,2940.24929
Xona,XON14105,14105,"XONA X4C XR10569S",0,2411.69611,2940.19787
Xona,XON14110,14110,"XONA X4C XR11569S A/R: 0.7 C/W: 76/105 T/W:78/69 C/W Flow: 115 HP RANGE: 600-120",1,2522.07938,3073.99576
Xona,XON2062080,2062080,"XONA KT3M 0.85A/R XR64",0,378.43665,384.62378
Xona,XON2062082,2062082,"XONA KT3M 0.85A/R XR65",0,378.43665,384.62378
Xona,XON2062085,2062085,"XONA KT3M 0.85A/R XR67",0,378.43665,384.62378
Xona,XON2062090,2062090,"XONA KT3M 0.85A/R XR68",0,378.43665,384.62378
Xona,XON31130,31130,"XONA X1C XR4955 LHR",0,1825.21527,2225.49403
Xona,XON31140,31140,"XONA X1C XR5455 LHR",0,1825.21527,2225.49403
Xona,XON31150,31150,"XONA X1C XR5755 LHR",0,1825.21527,2225.49403
Xona,XON31160,31160,"XONA X1C XR6155 LHR",0,1825.21527,2225.49403
Xona,XON31500,31500,"XONA X1C XR5457S LHR",0,1825.21527,2225.49403
Xona,XON31510,31510,"XONA X1C XR5757S LHR",0,1825.21527,2225.49403
Xona,XON31520,31520,"XONA X1C XR6157S LHR",0,1825.21527,2225.49403
Xona,XON33000,33000,"XONA X3C XR6157S LHR",0,2103.96091,2563.33375
Xona,XON33090,33090,"XONA 53/73 68/64 0.7 300-600",0,1913.29891,2330.30238
Xona,XON33100,33100,"XONA X3C XR7164 LHR",0,1913.29891,2330.30238
Xona,XON33110,33110,"XONA 57.5/79 68/64 0.7 350-680",0,1988.02064,2422.12639
Xona,XON33120,33120,"XONA 59.5/82 68/64 0.7 370-750",0,1913.29891,2330.30238
Xona,XON33130,33130,"XONA 62.5/86 68/64 0.7 410-820",0,1913.29891,2330.30238
Xona,XON33140,33140,"XONA 64/88 68/64 0.7 430-860",0,1913.29891,2330.30238
Xona,XON33220,33220,"XONA 64/88 76/68 0.7 430-860",0,2088.35117,2604.58810
Xona,XON33230,33230,"XONA 68/94 76/68 0.7 500-1000",0,2136.29543,2604.58810
Xona,XON33300,33300,"XONA 51.5/71 62/55 0.7 280-570",0,1825.21527,2225.49403
Xona,XON33310,33310,"XONA X3C XR6155 LHR",0,1825.21527,2225.49403
Xona,XON33315,33315,"XONA X3C XR6555 LHR",0,1825.21527,2225.49403
Xona,XON33650,33650,"XONA X3C XR8264S LHR",0,2103.96091,2563.33375
Xona,XONM00040,M00040,"XONA Speed Sensor Only M6x0.5",0,328.90867,449.32677
Xona,XONM00140,M00140,"XONA Turbine Speed Gauge",0,430.37208,410.30240
